Item,Date,Location,Robot,Miles Traveled during day,Robot Time On During Day,Robot Time In Motion During Day
114129,4/29/2026,sierra-gold,8431,3.8,7:22,1:32
114130,4/29/2026,sierra-gold,8432,3.8,7:22,1:29
114131,4/29/2026,sierra-gold,8433,3.7,7:22,1:20
114123,4/29/2026,sierra-gold,8472,1.2,7:39,0:28
114124,4/29/2026,sierra-gold,8475,1.5,7:38,0:34
114125,4/29/2026,sierra-gold,8480,1.6,7:37,0:41
114189,4/29/2026,sierra-gold,8632,0.9,7:03,0:26
113960,4/28/2026,sierra-gold,8431,4.9,7:58,1:51
113961,4/28/2026,sierra-gold,8432,5.8,8:17,2:13
113962,4/28/2026,sierra-gold,8433,5.4,8:01,1:52
113954,4/28/2026,sierra-gold,8472,4.4,8:31,1:49
113955,4/28/2026,sierra-gold,8475,5.6,8:38,2:11
113956,4/28/2026,sierra-gold,8480,4.6,8:37,1:57
114025,4/28/2026,sierra-gold,8631,1.1,8:21,0:30
114045,4/28/2026,sierra-gold,8633,0.1,0:12,0:03
113783,4/27/2026,sierra-gold,8431,5.3,8:33,2:01
113784,4/27/2026,sierra-gold,8432,5.8,8:22,2:08
113785,4/27/2026,sierra-gold,8433,5.6,8:06,1:57
113781,4/27/2026,sierra-gold,8472,6.8,9:22,2:56
113782,4/27/2026,sierra-gold,8475,8.4,9:17,3:34
113780,4/27/2026,sierra-gold,8480,6.8,9:20,2:55
113786,4/27/2026,sierra-gold,8631,0.5,8:19,0:15
113792,4/27/2026,sierra-gold,8632,0.2,6:03,0:04
113793,4/27/2026,sierra-gold,8633,0.3,6:03,0:09
113424,4/24/2026,sierra-gold,8431,3.7,12:12,1:24
113425,4/24/2026,sierra-gold,8432,5.4,14:38,2:04
113426,4/24/2026,sierra-gold,8433,5.6,14:45,1:56
113427,4/24/2026,sierra-gold,8472,5.2,14:55,2:09
113428,4/24/2026,sierra-gold,8475,8.1,14:55,3:10
113429,4/24/2026,sierra-gold,8480,5.6,14:55,2:20
113418,4/24/2026,sierra-gold,8631,0.1,10:10,0:04
113419,4/24/2026,sierra-gold,8632,1.5,11:01,0:35
113420,4/24/2026,sierra-gold,8633,0.1,8:55,0:03
113325,4/23/2026,sierra-gold,8431,4.7,17:22,1:52
113326,4/23/2026,sierra-gold,8432,4.5,17:22,1:41
113327,4/23/2026,sierra-gold,8433,4.8,17:22,1:44
113322,4/23/2026,sierra-gold,8472,5.6,17:33,2:25
113323,4/23/2026,sierra-gold,8475,7.1,17:37,2:45
113324,4/23/2026,sierra-gold,8480,6.0,17:37,2:25
113359,4/23/2026,sierra-gold,8631,0.5,13:28,0:12
113360,4/23/2026,sierra-gold,8632,0.4,13:51,0:10
113361,4/23/2026,sierra-gold,8633,1.0,13:53,0:29
113149,4/22/2026,sierra-gold,8431,3.7,8:10,1:49
113150,4/22/2026,sierra-gold,8432,4.4,8:27,2:01
113151,4/22/2026,sierra-gold,8433,4.2,8:20,1:51
113141,4/22/2026,sierra-gold,8472,5.1,8:34,2:22
113142,4/22/2026,sierra-gold,8475,5.9,8:37,2:27
113143,4/22/2026,sierra-gold,8480,4.5,8:36,1:58
112914,4/21/2026,sierra-gold,8431,4.3,14:43,2:04
112915,4/21/2026,sierra-gold,8432,4.0,14:40,1:52
112916,4/21/2026,sierra-gold,8433,4.0,14:54,1:44
112917,4/21/2026,sierra-gold,8472,4.4,14:53,1:57
112918,4/21/2026,sierra-gold,8475,5.6,14:52,2:36
112919,4/21/2026,sierra-gold,8480,4.8,14:54,2:02
112813,4/20/2026,sierra-gold,8431,4.4,17:06,2:08
112814,4/20/2026,sierra-gold,8432,4.9,17:16,2:15
112815,4/20/2026,sierra-gold,8433,4.9,17:05,2:06
112808,4/20/2026,sierra-gold,8472,5.6,17:32,2:13
112809,4/20/2026,sierra-gold,8475,6.0,17:32,2:09
112810,4/20/2026,sierra-gold,8480,5.6,17:25,2:16
112572,4/17/2026,sierra-gold,8431,4.7,8:10,2:05
112573,4/17/2026,sierra-gold,8432,4.6,7:52,2:02
112574,4/17/2026,sierra-gold,8433,4.6,8:20,1:57
112557,4/17/2026,sierra-gold,8472,6.0,8:33,2:26
112558,4/17/2026,sierra-gold,8475,6.8,8:30,2:38
112559,4/17/2026,sierra-gold,8480,5.4,8:36,2:09
112401,4/16/2026,sierra-gold,8431,5.4,8:22,2:28
112402,4/16/2026,sierra-gold,8432,5.2,8:11,2:21
112403,4/16/2026,sierra-gold,8433,4.7,8:14,2:01
112390,4/16/2026,sierra-gold,8472,7.3,8:34,2:45
112391,4/16/2026,sierra-gold,8475,9.5,8:40,3:22
112389,4/16/2026,sierra-gold,8480,7.5,8:39,2:37
112240,4/15/2026,sierra-gold,8431,5.3,8:23,2:28
112241,4/15/2026,sierra-gold,8432,5.6,8:19,2:33
112242,4/15/2026,sierra-gold,8433,4.7,8:06,2:12
112203,4/15/2026,sierra-gold,8472,5.7,8:38,2:12
112204,4/15/2026,sierra-gold,8475,5.8,8:32,2:02
112205,4/15/2026,sierra-gold,8480,5.8,8:46,2:01
112032,4/14/2026,sierra-gold,8431,5.8,8:29,2:29
112033,4/14/2026,sierra-gold,8432,5.2,8:24,2:15
112034,4/14/2026,sierra-gold,8433,4.7,8:13,2:00
112009,4/14/2026,sierra-gold,8472,6.8,8:35,2:37
112010,4/14/2026,sierra-gold,8475,8.9,8:34,3:03
112011,4/14/2026,sierra-gold,8480,6.9,8:36,2:25
111839,4/13/2026,sierra-gold,8431,6.2,8:31,2:52
111840,4/13/2026,sierra-gold,8432,6.0,8:22,2:45
111841,4/13/2026,sierra-gold,8433,5.2,8:21,2:24
111817,4/13/2026,sierra-gold,8472,4.4,8:33,1:48
111818,4/13/2026,sierra-gold,8475,4.9,8:33,1:57
111819,4/13/2026,sierra-gold,8480,3.9,8:32,1:34
111556,4/10/2026,sierra-gold,8431,6.4,8:21,3:00
111557,4/10/2026,sierra-gold,8432,6.5,8:10,3:02
111558,4/10/2026,sierra-gold,8433,6.7,8:11,3:00
111543,4/10/2026,sierra-gold,8472,5.4,8:29,2:14
111544,4/10/2026,sierra-gold,8475,6.6,8:38,2:19
111545,4/10/2026,sierra-gold,8480,5.8,8:34,2:12
111367,4/9/2026,sierra-gold,8431,6.6,8:33,3:08
111368,4/9/2026,sierra-gold,8432,6.3,8:33,3:01
111369,4/9/2026,sierra-gold,8433,6.2,8:14,2:40
111348,4/9/2026,sierra-gold,8472,4.2,8:38,1:54
111349,4/9/2026,sierra-gold,8475,5.1,8:38,1:52
111350,4/9/2026,sierra-gold,8480,5.3,8:38,2:03
111176,4/8/2026,sierra-gold,8431,4.9,8:39,2:50
111177,4/8/2026,sierra-gold,8432,4.8,8:11,2:34
111178,4/8/2026,sierra-gold,8433,4.8,8:38,2:43
111179,4/8/2026,sierra-gold,8472,2.0,8:30,1:26
111180,4/8/2026,sierra-gold,8475,2.4,8:31,1:25
111184,4/8/2026,sierra-gold,8480,1.8,8:31,1:12
110981,4/7/2026,sierra-gold,8431,5.9,8:38,2:53
111003,4/7/2026,sierra-gold,8432,5.8,8:08,2:48
111004,4/7/2026,sierra-gold,8433,5.4,7:51,2:23
110982,4/7/2026,sierra-gold,8472,3.6,8:39,1:53
110983,4/7/2026,sierra-gold,8475,4.1,8:39,1:57
110984,4/7/2026,sierra-gold,8480,3.5,8:38,1:43
110845,4/6/2026,sierra-gold,8431,5.8,8:43,2:43
110846,4/6/2026,sierra-gold,8432,5.9,8:22,2:44
110847,4/6/2026,sierra-gold,8433,6.6,8:37,2:50
110828,4/6/2026,sierra-gold,8472,2.3,8:33,1:03
110829,4/6/2026,sierra-gold,8475,2.6,8:39,1:07
110833,4/6/2026,sierra-gold,8480,2.4,8:32,1:03
110621,4/3/2026,sierra-gold,8431,5.0,7:53,2:23
110622,4/3/2026,sierra-gold,8432,5.8,8:03,2:40
110623,4/3/2026,sierra-gold,8433,6.0,8:09,2:39
110606,4/3/2026,sierra-gold,8472,4.7,8:29,2:13
110607,4/3/2026,sierra-gold,8475,5.8,8:34,2:19
110610,4/3/2026,sierra-gold,8480,4.5,8:33,1:52
110559,4/3/2026,sierra-gold,8631,0.2,1:14,0:06
110493,4/2/2026,sierra-gold,8431,4.9,8:23,2:29
110494,4/2/2026,sierra-gold,8432,4.4,7:52,2:07
110495,4/2/2026,sierra-gold,8433,4.1,8:12,1:51
110477,4/2/2026,sierra-gold,8472,3.3,8:27,1:40
110478,4/2/2026,sierra-gold,8475,3.7,8:16,1:37
110482,4/2/2026,sierra-gold,8480,2.9,8:31,1:21
110489,4/2/2026,sierra-gold,8631,7.8,5:25,2:08
110503,4/2/2026,sierra-gold,8632,8.0,4:39,2:15
110444,4/2/2026,sierra-gold,8633,5.8,6:13,1:40
110332,4/1/2026,sierra-gold,8431,4.3,8:11,2:09
110333,4/1/2026,sierra-gold,8432,4.8,8:07,2:24
110334,4/1/2026,sierra-gold,8433,4.9,8:21,2:09
110313,4/1/2026,sierra-gold,8472,4.5,8:08,1:45
110314,4/1/2026,sierra-gold,8475,4.9,8:09,1:47
110315,4/1/2026,sierra-gold,8480,3.8,8:30,1:27
110354,4/1/2026,sierra-gold,8631,0.0,3:00,0:00
110355,4/1/2026,sierra-gold,8632,0.0,3:00,0:00
110356,4/1/2026,sierra-gold,8633,0.0,3:02,0:00
110166,3/31/2026,sierra-gold,8431,5.9,8:30,2:53
110167,3/31/2026,sierra-gold,8432,5.6,8:22,2:46
110168,3/31/2026,sierra-gold,8433,5.2,8:12,2:28
110205,3/31/2026,sierra-gold,8472,1.9,3:05,0:51
110206,3/31/2026,sierra-gold,8475,2.2,3:07,0:49
110207,3/31/2026,sierra-gold,8480,1.9,3:05,0:44
109991,3/30/2026,sierra-gold,8431,5.1,8:09,2:29
109992,3/30/2026,sierra-gold,8432,5.0,8:21,2:27
109993,3/30/2026,sierra-gold,8433,4.5,8:04,1:58
109976,3/30/2026,sierra-gold,8472,3.9,8:23,1:45
109977,3/30/2026,sierra-gold,8475,4.3,8:23,1:43
109981,3/30/2026,sierra-gold,8480,3.6,8:23,1:32
109718,3/27/2026,sierra-gold,8431,5.5,8:07,2:51
109719,3/27/2026,sierra-gold,8432,5.6,8:25,2:52
109720,3/27/2026,sierra-gold,8433,5.7,8:27,2:27
109714,3/27/2026,sierra-gold,8472,4.5,8:21,2:20
109715,3/27/2026,sierra-gold,8475,5.9,8:34,2:28
109716,3/27/2026,sierra-gold,8480,4.8,8:23,2:20
109576,3/26/2026,sierra-gold,8431,5.9,8:21,3:00
109577,3/26/2026,sierra-gold,8432,5.7,8:09,2:50
109611,3/26/2026,sierra-gold,8433,0.0,0:10,0:01
109581,3/26/2026,sierra-gold,8472,1.5,8:12,0:47
109582,3/26/2026,sierra-gold,8475,2.3,8:11,1:01
109578,3/26/2026,sierra-gold,8480,6.1,8:12,2:31
109388,3/25/2026,sierra-gold,8431,6.0,8:04,3:02
109396,3/25/2026,sierra-gold,8432,6.7,8:21,3:21
109389,3/25/2026,sierra-gold,8472,1.2,7:53,0:40
109385,3/25/2026,sierra-gold,8475,2.3,7:52,1:02
109395,3/25/2026,sierra-gold,8480,6.4,8:19,2:38
109241,3/24/2026,sierra-gold,8431,5.9,8:20,2:39
109242,3/24/2026,sierra-gold,8432,5.2,8:02,2:40
109244,3/24/2026,sierra-gold,8472,1.4,7:50,0:47
109245,3/24/2026,sierra-gold,8475,1.5,7:44,0:43
109246,3/24/2026,sierra-gold,8480,5.7,8:11,2:23
109106,3/23/2026,sierra-gold,8431,4.9,8:10,2:28
109107,3/23/2026,sierra-gold,8432,5.0,8:13,2:26
109119,3/23/2026,sierra-gold,8433,1.8,4:16,0:49
109108,3/23/2026,sierra-gold,8472,1.8,8:17,0:56
109109,3/23/2026,sierra-gold,8475,1.6,7:38,0:44
109111,3/23/2026,sierra-gold,8480,5.5,8:05,2:15
108859,3/20/2026,sierra-gold,8431,4.6,8:14,2:07
108860,3/20/2026,sierra-gold,8432,4.6,8:13,2:04
108861,3/20/2026,sierra-gold,8472,1.0,7:39,0:31
108862,3/20/2026,sierra-gold,8475,2.0,8:14,0:57
108866,3/20/2026,sierra-gold,8480,4.0,7:56,1:44
108728,3/19/2026,sierra-gold,8431,5.0,7:50,2:15
108729,3/19/2026,sierra-gold,8432,5.7,8:21,2:32
108730,3/19/2026,sierra-gold,8472,1.4,8:16,0:44
108731,3/19/2026,sierra-gold,8475,2.6,8:09,1:11
108732,3/19/2026,sierra-gold,8480,5.7,8:21,2:25
108595,3/18/2026,sierra-gold,8431,3.7,7:41,1:32
108596,3/18/2026,sierra-gold,8432,3.8,7:45,1:37
108597,3/18/2026,sierra-gold,8472,1.8,7:24,0:54
108598,3/18/2026,sierra-gold,8475,2.5,8:06,1:08
108599,3/18/2026,sierra-gold,8480,3.9,7:20,1:33
108479,3/17/2026,sierra-gold,8431,4.7,8:06,1:59
108480,3/17/2026,sierra-gold,8432,4.7,8:21,1:58
108481,3/17/2026,sierra-gold,8472,1.4,8:23,0:44
108482,3/17/2026,sierra-gold,8475,2.2,8:23,1:01
108483,3/17/2026,sierra-gold,8480,4.7,8:10,1:51
108366,3/16/2026,sierra-gold,8431,4.8,8:17,2:00
108367,3/16/2026,sierra-gold,8432,3.8,8:11,1:37
108368,3/16/2026,sierra-gold,8472,1.5,8:13,0:47
108369,3/16/2026,sierra-gold,8475,2.2,8:22,0:57
108370,3/16/2026,sierra-gold,8480,4.3,8:01,1:43
108169,3/13/2026,sierra-gold,8431,5.7,8:07,2:23
108170,3/13/2026,sierra-gold,8432,5.6,8:21,2:20
108171,3/13/2026,sierra-gold,8472,2.0,7:45,0:59
108172,3/13/2026,sierra-gold,8475,3.1,8:22,1:18
108173,3/13/2026,sierra-gold,8480,5.3,7:57,2:07
108024,3/12/2026,sierra-gold,8431,4.5,8:11,1:59
108025,3/12/2026,sierra-gold,8432,4.5,8:22,1:54
108026,3/12/2026,sierra-gold,8472,2.7,8:19,1:11
108027,3/12/2026,sierra-gold,8475,2.0,8:23,0:49
108028,3/12/2026,sierra-gold,8480,4.5,8:18,1:50
107893,3/11/2026,sierra-gold,8431,4.3,8:06,1:50
107894,3/11/2026,sierra-gold,8432,4.3,8:09,1:49
107895,3/11/2026,sierra-gold,8472,1.6,8:04,0:46
107896,3/11/2026,sierra-gold,8475,1.8,7:51,0:48
107897,3/11/2026,sierra-gold,8480,4.1,8:21,1:42
107778,3/10/2026,sierra-gold,8431,5.4,8:22,2:13
107779,3/10/2026,sierra-gold,8432,4.9,8:09,1:59
107787,3/10/2026,sierra-gold,8433,0.0,0:49,0:00
107780,3/10/2026,sierra-gold,8472,2.0,8:15,0:57
107781,3/10/2026,sierra-gold,8475,2.0,7:33,0:53
107782,3/10/2026,sierra-gold,8480,4.7,8:02,1:53
107657,3/9/2026,sierra-gold,8431,4.8,8:21,2:01
107658,3/9/2026,sierra-gold,8432,4.9,8:17,2:02
107694,3/9/2026,sierra-gold,8433,0.7,1:05,0:20
107659,3/9/2026,sierra-gold,8472,2.2,8:12,0:58
107660,3/9/2026,sierra-gold,8475,1.3,8:21,0:32
107661,3/9/2026,sierra-gold,8480,4.3,8:21,1:43
107447,3/6/2026,sierra-gold,8431,5.0,7:45,2:07
107448,3/6/2026,sierra-gold,8432,4.5,7:42,1:53
107449,3/6/2026,sierra-gold,8433,5.0,8:40,2:10
107451,3/6/2026,sierra-gold,8472,2.1,7:44,1:02
107452,3/6/2026,sierra-gold,8475,1.9,7:53,0:51
107472,3/6/2026,sierra-gold,8480,2.7,4:46,1:04
107319,3/5/2026,sierra-gold,8431,7.5,8:29,3:13
107320,3/5/2026,sierra-gold,8432,6.9,8:15,2:57
107321,3/5/2026,sierra-gold,8433,6.8,8:06,2:57
107322,3/5/2026,sierra-gold,8472,2.0,8:16,1:03
107323,3/5/2026,sierra-gold,8475,2.4,8:22,1:03
107174,3/4/2026,sierra-gold,8431,7.6,8:01,3:17
107175,3/4/2026,sierra-gold,8432,7.8,8:04,3:18
107176,3/4/2026,sierra-gold,8433,6.8,7:54,2:57
107207,3/4/2026,sierra-gold,8472,1.4,6:35,0:55
107177,3/4/2026,sierra-gold,8475,2.0,8:04,0:59
107178,3/4/2026,sierra-gold,8480,0.1,1:31,0:05
107020,3/3/2026,sierra-gold,8431,6.0,8:29,2:38
107021,3/3/2026,sierra-gold,8432,6.0,8:30,2:39
107015,3/3/2026,sierra-gold,8433,5.6,8:10,2:30
107005,3/3/2026,sierra-gold,8472,1.7,8:46,0:56
107006,3/3/2026,sierra-gold,8475,1.9,8:47,0:54
106911,3/2/2026,sierra-gold,8431,6.3,8:29,2:47
106912,3/2/2026,sierra-gold,8432,6.0,8:12,2:38
106913,3/2/2026,sierra-gold,8433,5.7,8:02,2:51
106906,3/2/2026,sierra-gold,8472,1.6,8:17,0:58
106907,3/2/2026,sierra-gold,8475,2.1,8:16,1:02
106738,2/27/2026,sierra-gold,8431,1.8,7:56,0:58
106739,2/27/2026,sierra-gold,8433,1.2,8:04,0:40
106733,2/27/2026,sierra-gold,8472,1.1,8:03,0:28
106734,2/27/2026,sierra-gold,8475,0.8,8:03,0:17
106735,2/27/2026,sierra-gold,8480,1.3,8:02,0:30
106643,2/26/2026,sierra-gold,8431,1.1,8:01,0:37
106644,2/26/2026,sierra-gold,8432,0.1,1:16,0:04
106645,2/26/2026,sierra-gold,8433,1.3,7:50,0:44
106632,2/26/2026,sierra-gold,8472,5.5,8:35,2:52
106633,2/26/2026,sierra-gold,8475,7.3,8:39,2:39
106634,2/26/2026,sierra-gold,8480,8.0,8:45,3:21
106568,2/25/2026,sierra-gold,8431,0.9,5:57,0:28
106575,2/25/2026,sierra-gold,8432,0.9,3:08,0:24
106569,2/25/2026,sierra-gold,8433,3.4,6:22,1:45
106539,2/25/2026,sierra-gold,8472,1.6,8:08,0:50
106540,2/25/2026,sierra-gold,8475,5.1,8:08,1:51
106541,2/25/2026,sierra-gold,8480,4.7,8:26,1:57
106434,2/24/2026,sierra-gold,8472,4.9,8:33,2:48
106435,2/24/2026,sierra-gold,8475,6.9,8:33,2:33
106436,2/24/2026,sierra-gold,8480,5.2,8:29,2:08
106325,2/23/2026,sierra-gold,8472,3.8,8:22,2:00
106326,2/23/2026,sierra-gold,8475,7.0,8:32,2:26
106327,2/23/2026,sierra-gold,8480,6.2,8:33,2:27
106108,2/20/2026,sierra-gold,8431,5.6,7:48,2:30
106109,2/20/2026,sierra-gold,8432,6.3,8:04,2:44
106110,2/20/2026,sierra-gold,8433,5.6,8:17,2:32
106112,2/20/2026,sierra-gold,8472,7.4,8:06,2:58
106113,2/20/2026,sierra-gold,8475,11.6,8:05,4:01
106114,2/20/2026,sierra-gold,8480,8.5,8:05,3:02
105993,2/19/2026,sierra-gold,8431,3.6,7:53,1:38
105995,2/19/2026,sierra-gold,8432,5.0,7:55,2:11
105996,2/19/2026,sierra-gold,8433,3.8,7:39,1:42
105978,2/19/2026,sierra-gold,8472,2.8,8:33,1:22
105976,2/19/2026,sierra-gold,8475,3.2,8:41,1:19
105977,2/19/2026,sierra-gold,8480,2.4,8:29,1:02
105880,2/18/2026,sierra-gold,8431,4.3,8:06,1:59
105881,2/18/2026,sierra-gold,8432,3.8,8:07,1:41
105882,2/18/2026,sierra-gold,8433,4.5,8:14,2:03
105870,2/18/2026,sierra-gold,8472,4.3,8:29,2:20
105871,2/18/2026,sierra-gold,8475,6.1,8:30,2:18
105872,2/18/2026,sierra-gold,8480,5.6,8:34,2:26
105738,2/17/2026,sierra-gold,8431,3.9,8:23,1:44
105734,2/17/2026,sierra-gold,8432,3.1,8:23,1:23
105740,2/17/2026,sierra-gold,8433,3.2,8:20,1:30
105737,2/17/2026,sierra-gold,8472,1.3,7:37,0:37
105741,2/17/2026,sierra-gold,8475,1.2,8:25,0:32
105736,2/17/2026,sierra-gold,8480,1.0,8:14,0:31
105633,2/16/2026,sierra-gold,8431,1.9,7:33,0:54
105630,2/16/2026,sierra-gold,8432,2.6,7:17,1:05
105632,2/16/2026,sierra-gold,8433,1.7,7:22,0:48
105631,2/16/2026,sierra-gold,8472,2.9,8:18,1:19
105628,2/16/2026,sierra-gold,8475,2.2,7:48,1:06
105629,2/16/2026,sierra-gold,8480,2.3,7:48,1:02
105493,2/13/2026,sierra-gold,8431,5.1,8:22,2:27
105491,2/13/2026,sierra-gold,8432,5.0,8:23,2:16
105492,2/13/2026,sierra-gold,8433,4.5,8:16,2:06
105496,2/13/2026,sierra-gold,8472,5.9,7:37,2:14
105494,2/13/2026,sierra-gold,8475,7.4,7:22,2:58
105500,2/13/2026,sierra-gold,8480,5.2,7:21,1:52
105427,2/12/2026,sierra-gold,8431,0.9,6:55,0:33
105328,2/11/2026,sierra-gold,8431,0.7,3:11,0:20
105310,2/11/2026,sierra-gold,8432,3.8,5:14,1:39
105312,2/11/2026,sierra-gold,8433,3.7,5:35,1:40
105311,2/11/2026,sierra-gold,8472,3.0,5:03,0:59
105212,2/10/2026,sierra-gold,8431,3.1,8:07,1:31
105208,2/10/2026,sierra-gold,8432,6.4,8:22,2:38
105211,2/10/2026,sierra-gold,8433,5.6,8:11,2:23
105253,2/10/2026,sierra-gold,8472,1.2,8:23,0:25
105201,2/10/2026,sierra-gold,8475,3.2,8:41,1:12
105202,2/10/2026,sierra-gold,8480,2.6,8:41,1:02
105111,2/9/2026,sierra-gold,8431,0.8,4:01,0:22
105107,2/9/2026,sierra-gold,8432,4.8,7:25,1:59
105108,2/9/2026,sierra-gold,8433,4.9,7:19,2:04
105121,2/9/2026,sierra-gold,8472,2.4,4:48,0:43
105110,2/9/2026,sierra-gold,8475,0.3,4:03,0:08
105112,2/9/2026,sierra-gold,8480,0.0,4:03,0:00
104958,2/6/2026,sierra-gold,8432,1.4,2:51,0:42
104959,2/6/2026,sierra-gold,8433,1.2,2:49,0:38
104945,2/6/2026,sierra-gold,8472,1.1,5:42,0:30
104937,2/6/2026,sierra-gold,8475,0.0,8:10,0:00
104943,2/6/2026,sierra-gold,8480,0.0,8:10,0:00
104866,2/5/2026,sierra-gold,8431,2.8,4:53,1:25
104864,2/5/2026,sierra-gold,8432,2.0,6:24,0:59
104865,2/5/2026,sierra-gold,8433,2.0,6:16,1:01
104867,2/5/2026,sierra-gold,8475,5.0,6:22,2:08
104868,2/5/2026,sierra-gold,8480,4.1,6:23,2:02
104755,2/4/2026,sierra-gold,8431,2.1,3:16,0:58
104753,2/4/2026,sierra-gold,8432,3.8,8:23,1:35
104754,2/4/2026,sierra-gold,8433,3.8,8:28,1:39
104695,2/4/2026,sierra-gold,8472,0.4,12:49,0:12
104752,2/4/2026,sierra-gold,8475,6.3,8:27,2:50
104758,2/4/2026,sierra-gold,8480,6.2,8:29,2:51
104642,2/3/2026,sierra-gold,8431,4.2,8:36,1:59
104639,2/3/2026,sierra-gold,8432,6.8,8:36,2:48
104641,2/3/2026,sierra-gold,8433,6.8,8:47,2:52
104681,2/3/2026,sierra-gold,8472,0.1,2:39,0:04
104644,2/3/2026,sierra-gold,8475,4.4,8:34,1:54
104645,2/3/2026,sierra-gold,8480,4.1,8:34,1:50
104529,2/2/2026,sierra-gold,8431,2.8,8:38,1:21
104531,2/2/2026,sierra-gold,8432,7.1,8:22,3:00
104532,2/2/2026,sierra-gold,8433,7.0,8:35,2:59
104528,2/2/2026,sierra-gold,8475,2.8,8:38,1:02
104530,2/2/2026,sierra-gold,8480,3.2,8:38,1:21
104336,1/30/2026,sierra-gold,8431,1.6,4:07,0:46
104338,1/30/2026,sierra-gold,8432,4.2,3:46,1:50
104339,1/30/2026,sierra-gold,8433,4.5,3:37,1:56
104335,1/30/2026,sierra-gold,8475,1.2,4:34,0:28
104337,1/30/2026,sierra-gold,8480,1.7,4:38,0:42
104223,1/29/2026,sierra-gold,8431,2.3,5:46,1:08
104226,1/29/2026,sierra-gold,8432,6.2,6:52,3:09
104227,1/29/2026,sierra-gold,8433,7.0,6:52,3:13
104222,1/29/2026,sierra-gold,8475,4.0,7:07,1:27
104224,1/29/2026,sierra-gold,8480,3.4,7:07,1:26
104100,1/28/2026,sierra-gold,8431,4.3,8:35,2:01
104102,1/28/2026,sierra-gold,8475,4.6,8:35,1:42
104103,1/28/2026,sierra-gold,8480,4.0,8:33,1:41
103930,1/27/2026,sierra-gold,8431,2.8,8:34,1:27
103926,1/27/2026,sierra-gold,8432,0.6,8:35,0:18
103929,1/27/2026,sierra-gold,8433,1.7,8:35,0:42
103928,1/27/2026,sierra-gold,8475,3.0,8:34,1:19
103931,1/27/2026,sierra-gold,8480,2.6,8:34,1:19
103737,1/26/2026,sierra-gold,8431,2.2,7:08,1:08
103735,1/26/2026,sierra-gold,8432,4.8,8:12,2:04
103736,1/26/2026,sierra-gold,8433,4.2,8:36,1:49
103733,1/26/2026,sierra-gold,8475,3.5,8:36,1:28
103739,1/26/2026,sierra-gold,8480,2.4,8:36,1:10
103589,1/23/2026,sierra-gold,8431,3.4,7:33,1:39
103587,1/23/2026,sierra-gold,8432,6.0,7:59,2:37
103588,1/23/2026,sierra-gold,8433,6.5,8:23,2:51
103586,1/23/2026,sierra-gold,8475,4.6,8:32,1:47
103590,1/23/2026,sierra-gold,8480,4.1,8:32,1:44
103495,1/22/2026,sierra-gold,8431,2.5,8:34,1:17
103492,1/22/2026,sierra-gold,8432,3.6,8:14,1:35
103494,1/22/2026,sierra-gold,8433,2.7,8:04,1:14
103491,1/22/2026,sierra-gold,8475,3.1,8:34,1:19
103497,1/22/2026,sierra-gold,8480,2.8,8:34,1:18
103385,1/21/2026,sierra-gold,8431,2.0,7:19,1:03
103382,1/21/2026,sierra-gold,8432,4.2,8:07,1:50
103383,1/21/2026,sierra-gold,8433,5.2,8:37,2:14
103380,1/21/2026,sierra-gold,8475,2.6,8:36,1:11
103391,1/21/2026,sierra-gold,8480,2.3,8:36,1:07
103276,1/20/2026,sierra-gold,8431,3.0,7:11,1:33
103274,1/20/2026,sierra-gold,8432,5.3,8:04,2:13
103275,1/20/2026,sierra-gold,8433,5.2,8:34,2:11
103273,1/20/2026,sierra-gold,8475,4.8,8:34,1:54
103278,1/20/2026,sierra-gold,8480,4.1,8:34,1:49
103174,1/19/2026,sierra-gold,8431,3.1,8:04,1:40
103172,1/19/2026,sierra-gold,8432,7.1,8:34,2:59
103173,1/19/2026,sierra-gold,8433,6.7,8:20,2:48
103171,1/19/2026,sierra-gold,8475,3.9,8:32,1:36
103176,1/19/2026,sierra-gold,8480,3.7,8:33,1:41
103070,1/16/2026,sierra-gold,8431,3.3,8:21,1:33
103063,1/16/2026,sierra-gold,8432,6.5,8:20,2:42
103072,1/16/2026,sierra-gold,8433,6.0,8:06,2:31
103074,1/16/2026,sierra-gold,8475,4.1,8:30,1:34
103069,1/16/2026,sierra-gold,8480,3.3,8:29,1:24
102929,1/15/2026,sierra-gold,8431,0.9,2:05,0:25
102900,1/15/2026,sierra-gold,8432,2.1,2:05,0:52
102939,1/15/2026,sierra-gold,8433,7.3,8:50,3:03
102947,1/15/2026,sierra-gold,8475,1.2,2:06,0:29
102920,1/15/2026,sierra-gold,8480,1.2,2:05,0:30
102851,1/14/2026,sierra-gold,8431,4.1,8:29,1:55
102849,1/14/2026,sierra-gold,8432,6.7,8:34,2:47
102850,1/14/2026,sierra-gold,8433,5.5,8:25,2:21
102848,1/14/2026,sierra-gold,8475,5.4,8:34,2:08
102853,1/14/2026,sierra-gold,8480,3.9,8:33,1:40
102753,1/13/2026,sierra-gold,8431,3.0,8:28,1:24
102752,1/13/2026,sierra-gold,8475,4.2,8:33,1:32
102755,1/13/2026,sierra-gold,8480,3.5,8:31,1:26
102658,1/12/2026,sierra-gold,8431,3.5,8:30,1:35
102656,1/12/2026,sierra-gold,8475,4.0,8:33,1:27
102657,1/12/2026,sierra-gold,8480,3.5,8:33,1:15
102488,1/9/2026,sierra-gold,8431,3.2,8:28,1:37
102491,1/9/2026,sierra-gold,8475,3.9,8:35,1:31
102490,1/9/2026,sierra-gold,8480,3.7,8:25,1:24
102390,1/8/2026,sierra-gold,8431,3.4,8:35,1:42
102400,1/8/2026,sierra-gold,8432,0.6,0:48,0:15
102384,1/8/2026,sierra-gold,8475,4.0,8:35,1:39
102389,1/8/2026,sierra-gold,8480,3.4,8:36,1:26
102295,1/7/2026,sierra-gold,8431,2.1,8:34,1:04
102294,1/7/2026,sierra-gold,8475,2.4,8:34,1:03
102296,1/7/2026,sierra-gold,8480,2.4,8:34,1:04
102190,1/6/2026,sierra-gold,8431,5.4,8:34,2:30
102193,1/6/2026,sierra-gold,8432,6.0,8:33,3:00
102189,1/6/2026,sierra-gold,8475,7.8,8:36,2:49
102191,1/6/2026,sierra-gold,8480,5.9,8:37,2:21
102108,1/5/2026,sierra-gold,8431,1.7,4:50,0:45
102107,1/5/2026,sierra-gold,8475,2.6,5:25,0:53
102106,1/5/2026,sierra-gold,8480,1.7,5:26,0:37
101957,1/2/2026,sierra-gold,8431,1.5,7:20,0:34
101960,1/2/2026,sierra-gold,8432,1.2,5:53,0:37
101959,1/2/2026,sierra-gold,8475,2.3,5:59,0:52
101961,1/2/2026,sierra-gold,8480,2.0,5:54,0:49
101877,12/31/2025,sierra-gold,8431,1.2,3:45,0:34
101878,12/31/2025,sierra-gold,8475,1.4,3:45,0:31
101876,12/31/2025,sierra-gold,8480,0.9,3:44,0:22
101816,12/30/2025,sierra-gold,8431,2.0,8:18,0:59
101815,12/30/2025,sierra-gold,8475,2.5,8:22,1:00
101817,12/30/2025,sierra-gold,8480,2.1,8:15,0:55
101745,12/29/2025,sierra-gold,8431,1.4,5:10,0:42
101744,12/29/2025,sierra-gold,8475,1.6,5:24,0:42
101746,12/29/2025,sierra-gold,8480,1.1,5:04,0:31
101598,12/26/2025,sierra-gold,8431,1.7,4:05,0:49
101609,12/26/2025,sierra-gold,8433,0.0,0:02,0:00
101595,12/26/2025,sierra-gold,8475,1.1,4:17,0:28
101597,12/26/2025,sierra-gold,8480,1.2,4:17,0:33
101439,12/23/2025,sierra-gold,8475,1.1,5:34,0:30
101441,12/23/2025,sierra-gold,8480,0.9,5:34,0:26
101382,12/22/2025,sierra-gold,8475,1.1,4:19,0:29
101385,12/22/2025,sierra-gold,8480,1.2,4:19,0:34
101199,12/19/2025,sierra-gold,8431,0.1,1:35,0:02
101200,12/19/2025,sierra-gold,8432,0.1,1:34,0:02
101201,12/19/2025,sierra-gold,8433,0.1,1:34,0:04
101165,12/19/2025,sierra-gold,8475,1.5,8:04,0:43
101167,12/19/2025,sierra-gold,8480,1.5,8:03,0:43
101043,12/18/2025,sierra-gold,8431,4.7,8:39,2:01
101040,12/18/2025,sierra-gold,8432,4.5,8:40,1:55
101044,12/18/2025,sierra-gold,8433,3.4,8:39,1:36
101049,12/18/2025,sierra-gold,8475,3.3,8:34,1:16
101051,12/18/2025,sierra-gold,8480,3.2,8:34,1:24
100914,12/17/2025,sierra-gold,8431,4.4,8:53,1:58
100909,12/17/2025,sierra-gold,8432,5.0,8:27,2:06
100917,12/17/2025,sierra-gold,8433,5.7,8:45,2:25
100925,12/17/2025,sierra-gold,8475,5.2,7:58,1:49
100924,12/17/2025,sierra-gold,8480,4.6,8:29,2:04
100772,12/16/2025,sierra-gold,8431,5.4,8:33,2:19
100769,12/16/2025,sierra-gold,8432,8.0,8:33,3:18
100773,12/16/2025,sierra-gold,8433,4.2,8:33,1:48
100774,12/16/2025,sierra-gold,8475,4.8,8:32,1:48
100776,12/16/2025,sierra-gold,8480,4.6,8:32,1:51
100651,12/15/2025,sierra-gold,8431,3.2,8:58,1:27
100644,12/15/2025,sierra-gold,8432,4.8,8:58,2:09
100650,12/15/2025,sierra-gold,8433,3.1,8:55,1:29
100661,12/15/2025,sierra-gold,8475,2.9,6:44,1:07
100663,12/15/2025,sierra-gold,8480,2.5,6:46,1:01
100549,12/13/2025,sierra-gold,8431,3.3,6:31,1:24
100547,12/13/2025,sierra-gold,8432,2.8,6:30,1:11
100548,12/13/2025,sierra-gold,8433,4.8,6:31,2:00
100453,12/12/2025,sierra-gold,8431,2.1,8:22,1:07
100447,12/12/2025,sierra-gold,8432,2.2,8:23,0:59
100456,12/12/2025,sierra-gold,8433,1.8,8:23,0:55
100464,12/12/2025,sierra-gold,8475,7.0,8:28,2:28
100466,12/12/2025,sierra-gold,8480,6.0,8:15,2:07
100339,12/11/2025,sierra-gold,8431,2.3,7:54,1:13
100335,12/11/2025,sierra-gold,8432,2.8,7:51,1:24
100341,12/11/2025,sierra-gold,8433,3.1,7:55,1:26
100342,12/11/2025,sierra-gold,8475,6.4,8:14,1:53
100343,12/11/2025,sierra-gold,8480,5.5,8:25,1:51
100213,12/10/2025,sierra-gold,8431,2.6,8:59,1:32
100210,12/10/2025,sierra-gold,8432,5.8,8:59,2:39
100215,12/10/2025,sierra-gold,8433,3.5,8:59,1:34
100217,12/10/2025,sierra-gold,8475,6.8,8:13,1:56
100222,12/10/2025,sierra-gold,8480,6.9,8:17,1:55
100121,12/9/2025,sierra-gold,8431,1.0,6:51,0:46
100119,12/9/2025,sierra-gold,8432,2.3,6:50,1:10
100120,12/9/2025,sierra-gold,8433,1.4,6:51,0:41
100109,12/9/2025,sierra-gold,8475,5.4,8:21,1:31
100108,12/9/2025,sierra-gold,8480,5.2,8:35,1:35
99987,12/8/2025,sierra-gold,8431,1.6,7:25,0:44
99986,12/8/2025,sierra-gold,8432,2.7,7:28,1:15
99989,12/8/2025,sierra-gold,8433,3.9,7:27,1:45
99982,12/8/2025,sierra-gold,8475,3.9,8:39,1:28
99984,12/8/2025,sierra-gold,8480,2.9,8:21,1:07
99676,12/5/2025,sierra-gold,8431,1.7,7:49,0:48
99672,12/5/2025,sierra-gold,8432,3.7,7:49,1:37
99677,12/5/2025,sierra-gold,8433,2.5,7:47,1:09
99827,12/5/2025,sierra-gold,8475,6.8,8:30,2:23
99821,12/5/2025,sierra-gold,8480,6.2,8:32,2:14
99571,12/4/2025,sierra-gold,8431,2.7,8:09,1:16
99538,12/4/2025,sierra-gold,8432,3.9,8:09,1:46
99582,12/4/2025,sierra-gold,8433,2.9,8:09,1:20
99589,12/4/2025,sierra-gold,8475,6.2,8:30,2:14
99556,12/4/2025,sierra-gold,8480,5.6,8:30,2:03
99738,12/3/2025,sierra-gold,8431,1.5,8:08,0:47
99731,12/3/2025,sierra-gold,8432,3.4,8:05,1:36
99739,12/3/2025,sierra-gold,8433,1.9,8:05,0:58
99740,12/3/2025,sierra-gold,8475,6.7,8:34,2:26
99744,12/3/2025,sierra-gold,8480,5.7,8:34,2:06
99454,12/2/2025,sierra-gold,8431,3.0,8:51,1:24
99450,12/2/2025,sierra-gold,8432,3.6,8:53,1:43
99455,12/2/2025,sierra-gold,8433,1.9,8:52,1:00
99456,12/2/2025,sierra-gold,8475,2.1,7:49,0:45
99458,12/2/2025,sierra-gold,8480,1.8,7:48,0:40
99322,12/1/2025,sierra-gold,8431,1.6,8:25,0:49
99315,12/1/2025,sierra-gold,8432,3.6,8:25,1:49
99324,12/1/2025,sierra-gold,8433,1.8,8:23,0:58
99332,12/1/2025,sierra-gold,8475,5.1,8:13,1:47
99334,12/1/2025,sierra-gold,8480,4.4,8:12,1:36
99067,11/27/2025,sierra-gold,8431,2.6,7:23,1:12
99065,11/27/2025,sierra-gold,8432,1.5,7:21,0:45
99066,11/27/2025,sierra-gold,8433,2.4,7:22,1:13
99062,11/27/2025,sierra-gold,8472,0.7,1:05,0:15
99061,11/27/2025,sierra-gold,8475,6.7,8:33,2:24
99063,11/27/2025,sierra-gold,8480,5.4,8:31,2:07
98962,11/26/2025,sierra-gold,8431,2.7,7:30,1:08
98960,11/26/2025,sierra-gold,8432,2.0,6:21,0:51
98961,11/26/2025,sierra-gold,8433,2.2,6:20,0:58
98953,11/26/2025,sierra-gold,8472,6.9,8:36,2:32
98919,11/26/2025,sierra-gold,8475,7.5,15:55,2:37
98956,11/26/2025,sierra-gold,8480,6.4,8:36,2:20
98853,11/25/2025,sierra-gold,8431,2.2,7:13,1:00
98851,11/25/2025,sierra-gold,8432,1.2,7:12,0:35
98852,11/25/2025,sierra-gold,8433,1.1,7:14,0:33
98844,11/25/2025,sierra-gold,8472,6.6,8:35,2:26
98846,11/25/2025,sierra-gold,8475,8.4,16:35,2:59
98849,11/25/2025,sierra-gold,8480,6.8,8:34,2:28
98718,11/24/2025,sierra-gold,8431,1.4,7:15,0:40
98715,11/24/2025,sierra-gold,8432,1.9,7:17,0:57
98717,11/24/2025,sierra-gold,8433,0.8,7:16,0:32
98712,11/24/2025,sierra-gold,8472,7.4,8:33,2:47
98711,11/24/2025,sierra-gold,8475,8.9,8:33,3:04
98713,11/24/2025,sierra-gold,8480,7.2,8:33,2:40
98594,11/22/2025,sierra-gold,8472,7.9,8:38,2:52
98593,11/22/2025,sierra-gold,8475,9.2,8:32,3:17
98595,11/22/2025,sierra-gold,8480,8.4,8:39,2:59
98521,11/21/2025,sierra-gold,8472,7.2,8:27,2:42
98520,11/21/2025,sierra-gold,8475,8.6,8:40,3:11
98525,11/21/2025,sierra-gold,8480,7.3,8:38,2:47
98419,11/20/2025,sierra-gold,8472,0.1,0:13,0:01
98294,11/19/2025,sierra-gold,8472,7.1,8:32,2:47
98292,11/19/2025,sierra-gold,8475,8.8,8:38,3:28
98298,11/19/2025,sierra-gold,8480,7.3,8:31,2:49
98179,11/18/2025,sierra-gold,8472,3.6,8:42,1:30
98178,11/18/2025,sierra-gold,8475,3.7,8:44,1:27
98183,11/18/2025,sierra-gold,8480,4.0,8:43,1:34
98046,11/17/2025,sierra-gold,8472,8.1,8:39,3:17
98044,11/17/2025,sierra-gold,8475,9.4,8:33,3:34
98050,11/17/2025,sierra-gold,8480,1.0,6:19,0:26
97879,11/14/2025,sierra-gold,8431,0.0,2:23,0:02
97877,11/14/2025,sierra-gold,8432,0.0,7:07,0:02
97878,11/14/2025,sierra-gold,8433,0.0,2:19,0:02
97863,11/14/2025,sierra-gold,8472,6.2,8:28,2:21
97862,11/14/2025,sierra-gold,8475,7.0,8:31,2:34
97867,11/14/2025,sierra-gold,8480,6.2,8:32,2:18
97750,11/13/2025,sierra-gold,8472,6.8,8:39,2:28
97748,11/13/2025,sierra-gold,8475,7.8,8:39,2:41
97755,11/13/2025,sierra-gold,8480,6.5,8:39,2:17
97621,11/12/2025,sierra-gold,8431,1.4,9:10,0:44
97619,11/12/2025,sierra-gold,8432,2.8,9:11,1:24
97622,11/12/2025,sierra-gold,8433,2.4,9:11,1:04
97628,11/12/2025,sierra-gold,8472,6.7,8:39,2:22
97627,11/12/2025,sierra-gold,8475,7.4,8:32,2:29
97633,11/12/2025,sierra-gold,8480,6.1,8:38,2:08
97446,11/11/2025,sierra-gold,8431,4.6,8:54,2:02
97443,11/11/2025,sierra-gold,8432,3.2,8:54,1:25
97447,11/11/2025,sierra-gold,8433,3.3,8:54,1:37
97465,11/11/2025,sierra-gold,8472,7.2,8:07,2:42
97464,11/11/2025,sierra-gold,8475,8.6,8:08,3:05
97466,11/11/2025,sierra-gold,8480,3.7,4:39,1:19
97277,11/10/2025,sierra-gold,8431,4.1,8:49,1:49
97276,11/10/2025,sierra-gold,8432,4.0,8:48,1:44
97278,11/10/2025,sierra-gold,8433,2.8,8:55,1:25
97285,11/10/2025,sierra-gold,8472,4.7,8:28,1:48
97283,11/10/2025,sierra-gold,8475,6.8,8:28,2:20
97291,11/10/2025,sierra-gold,8480,6.1,8:28,2:08
97136,11/8/2025,sierra-gold,8431,2.3,8:56,1:15
97134,11/8/2025,sierra-gold,8432,4.0,8:54,2:02
97135,11/8/2025,sierra-gold,8433,5.0,8:54,2:19
97051,11/7/2025,sierra-gold,8431,4.8,9:00,2:15
97048,11/7/2025,sierra-gold,8432,4.5,9:00,2:01
97053,11/7/2025,sierra-gold,8433,2.8,9:02,1:33
97058,11/7/2025,sierra-gold,8472,7.0,8:38,2:40
97057,11/7/2025,sierra-gold,8475,7.9,8:37,2:57
97059,11/7/2025,sierra-gold,8480,7.2,8:37,2:39
96902,11/6/2025,sierra-gold,8431,2.5,8:17,1:23
96896,11/6/2025,sierra-gold,8432,1.4,8:17,0:43
96905,11/6/2025,sierra-gold,8433,2.1,8:17,1:12
96888,11/6/2025,sierra-gold,8472,7.3,8:40,2:38
96887,11/6/2025,sierra-gold,8475,8.5,8:41,3:07
96889,11/6/2025,sierra-gold,8480,4.8,8:37,1:53
96743,11/5/2025,sierra-gold,8431,3.7,8:23,1:44
96739,11/5/2025,sierra-gold,8432,3.7,8:19,1:48
96745,11/5/2025,sierra-gold,8433,4.4,8:22,2:06
96731,11/5/2025,sierra-gold,8472,4.9,8:31,1:59
96730,11/5/2025,sierra-gold,8475,5.0,8:31,1:51
96735,11/5/2025,sierra-gold,8480,3.6,7:46,1:26
96565,11/4/2025,sierra-gold,8431,4.7,8:23,2:05
96560,11/4/2025,sierra-gold,8432,4.6,8:23,2:04
96563,11/4/2025,sierra-gold,8433,4.1,8:30,2:05
96552,11/4/2025,sierra-gold,8472,9.3,8:41,3:09
96551,11/4/2025,sierra-gold,8475,9.9,8:42,3:15
96553,11/4/2025,sierra-gold,8480,8.6,8:40,2:59
96324,11/3/2025,sierra-gold,8431,0.4,12:13,0:11
96322,11/3/2025,sierra-gold,8432,0.0,8:14,0:02
96326,11/3/2025,sierra-gold,8433,0.0,8:15,0:00
96323,11/3/2025,sierra-gold,8472,2.9,11:55,1:08
96321,11/3/2025,sierra-gold,8475,4.7,12:13,1:40
96325,11/3/2025,sierra-gold,8480,3.8,12:06,1:24
96252,11/2/2025,sierra-gold,8431,0.0,24:55,0:00
96250,11/2/2025,sierra-gold,8432,0.0,24:55,0:00
96254,11/2/2025,sierra-gold,8433,0.0,24:55,0:00
96251,11/2/2025,sierra-gold,8472,0.0,24:55,0:00
96249,11/2/2025,sierra-gold,8475,0.0,24:55,0:00
96253,11/2/2025,sierra-gold,8480,0.0,24:55,0:00
96226,11/1/2025,sierra-gold,8431,0.0,22:55,0:00
96224,11/1/2025,sierra-gold,8432,0.0,22:55,0:00
96228,11/1/2025,sierra-gold,8433,0.0,22:55,0:00
96225,11/1/2025,sierra-gold,8472,0.0,22:55,0:00
96223,11/1/2025,sierra-gold,8475,0.0,22:55,0:00
96227,11/1/2025,sierra-gold,8480,0.0,22:55,0:00
96190,10/31/2025,sierra-gold,8431,0.0,11:00,0:00
96192,10/31/2025,sierra-gold,8432,0.0,11:00,0:00
96196,10/31/2025,sierra-gold,8433,0.0,11:00,0:00
96195,10/31/2025,sierra-gold,8472,0.0,10:59,0:00
96193,10/31/2025,sierra-gold,8475,0.0,10:59,0:00
96194,10/31/2025,sierra-gold,8480,0.0,10:59,0:00
95978,10/30/2025,sierra-gold,8431,3.5,7:53,1:08
95975,10/30/2025,sierra-gold,8432,4.1,8:22,1:19
95979,10/30/2025,sierra-gold,8433,3.6,8:04,1:15
95968,10/30/2025,sierra-gold,8472,7.3,8:40,2:46
95965,10/30/2025,sierra-gold,8475,7.8,8:36,2:54
95966,10/30/2025,sierra-gold,8480,6.7,8:41,2:30
95800,10/29/2025,sierra-gold,8431,4.1,8:17,1:41
95798,10/29/2025,sierra-gold,8432,4.2,8:13,1:41
95802,10/29/2025,sierra-gold,8433,4.3,8:17,1:43
95797,10/29/2025,sierra-gold,8472,6.8,8:36,2:46
95792,10/29/2025,sierra-gold,8475,7.5,8:37,2:58
95796,10/29/2025,sierra-gold,8480,7.0,8:37,2:45
95626,10/28/2025,sierra-gold,8431,3.8,8:17,1:30
95621,10/28/2025,sierra-gold,8432,4.3,8:16,1:38
95631,10/28/2025,sierra-gold,8433,4.0,8:17,1:33
95617,10/28/2025,sierra-gold,8472,4.7,8:35,1:56
95614,10/28/2025,sierra-gold,8475,5.6,8:35,2:04
95616,10/28/2025,sierra-gold,8480,5.7,8:36,2:16
95483,10/27/2025,sierra-gold,8431,3.5,8:18,1:28
95480,10/27/2025,sierra-gold,8432,3.2,8:14,1:21
95484,10/27/2025,sierra-gold,8433,3.5,8:17,1:29
95473,10/27/2025,sierra-gold,8472,5.5,8:34,2:16
95472,10/27/2025,sierra-gold,8475,5.9,8:34,2:22
95475,10/27/2025,sierra-gold,8480,5.7,8:35,2:18
95292,10/24/2025,sierra-gold,8431,1.9,3:44,0:46
95288,10/24/2025,sierra-gold,8432,1.8,3:44,0:43
95301,10/24/2025,sierra-gold,8433,1.5,3:40,0:39
95276,10/24/2025,sierra-gold,8472,1.0,4:34,0:24
95275,10/24/2025,sierra-gold,8475,1.3,4:23,0:30
95277,10/24/2025,sierra-gold,8480,1.5,4:24,0:33
95125,10/23/2025,sierra-gold,8431,3.4,8:18,1:28
95117,10/23/2025,sierra-gold,8432,3.6,8:06,1:29
95126,10/23/2025,sierra-gold,8433,3.7,8:17,1:35
95110,10/23/2025,sierra-gold,8472,6.0,8:37,2:21
95104,10/23/2025,sierra-gold,8475,7.8,8:37,2:44
95107,10/23/2025,sierra-gold,8480,6.2,8:37,2:28
94964,10/22/2025,sierra-gold,8431,5.1,8:18,2:02
94955,10/22/2025,sierra-gold,8432,4.6,8:15,1:50
94962,10/22/2025,sierra-gold,8433,4.3,8:17,1:43
94954,10/22/2025,sierra-gold,8472,5.2,8:36,1:57
94947,10/22/2025,sierra-gold,8475,5.5,8:35,2:00
94950,10/22/2025,sierra-gold,8480,3.9,8:32,1:29
94779,10/21/2025,sierra-gold,8431,4.8,8:18,1:52
94766,10/21/2025,sierra-gold,8432,5.1,8:16,2:01
94781,10/21/2025,sierra-gold,8433,4.6,8:17,1:48
94776,10/21/2025,sierra-gold,8472,5.3,8:18,2:07
94767,10/21/2025,sierra-gold,8475,5.8,8:27,2:16
94774,10/21/2025,sierra-gold,8480,4.7,8:14,1:52
94593,10/20/2025,sierra-gold,8431,4.8,8:08,1:57
94592,10/20/2025,sierra-gold,8432,5.2,7:36,1:59
94594,10/20/2025,sierra-gold,8433,4.8,8:16,1:54
94583,10/20/2025,sierra-gold,8472,9.0,8:35,3:08
94582,10/20/2025,sierra-gold,8475,11.1,8:23,3:40
94586,10/20/2025,sierra-gold,8480,8.8,8:33,3:00
94295,10/17/2025,sierra-gold,8431,5.3,8:15,2:02
94293,10/17/2025,sierra-gold,8432,5.6,8:18,2:05
94296,10/17/2025,sierra-gold,8433,5.1,8:17,1:57
94289,10/17/2025,sierra-gold,8472,4.1,8:35,1:53
94280,10/17/2025,sierra-gold,8475,4.1,8:35,1:48
94285,10/17/2025,sierra-gold,8480,3.7,8:34,1:39
94174,10/16/2025,sierra-gold,8431,3.0,3:09,1:10
94172,10/16/2025,sierra-gold,8432,3.3,3:01,1:13
94173,10/16/2025,sierra-gold,8433,3.0,3:11,1:07
94106,10/16/2025,sierra-gold,8472,4.7,8:30,1:58
94091,10/16/2025,sierra-gold,8475,5.1,8:30,2:04
94092,10/16/2025,sierra-gold,8480,4.4,8:30,1:48
93897,10/15/2025,sierra-gold,8431,5.8,5:28,1:31
93893,10/15/2025,sierra-gold,8432,7.1,3:31,1:51
93895,10/15/2025,sierra-gold,8433,6.2,5:32,1:37
93867,10/15/2025,sierra-gold,8472,4.8,8:34,1:55
93866,10/15/2025,sierra-gold,8475,5.7,8:34,2:11
93870,10/15/2025,sierra-gold,8480,5.1,8:34,1:58
93734,10/14/2025,sierra-gold,8431,10.7,8:11,2:42
93717,10/14/2025,sierra-gold,8432,12.7,8:05,3:08
93732,10/14/2025,sierra-gold,8433,11.1,8:13,2:50
93728,10/14/2025,sierra-gold,8472,3.9,8:23,1:50
93718,10/14/2025,sierra-gold,8475,4.4,8:24,1:55
93727,10/14/2025,sierra-gold,8480,3.9,8:24,1:48
93569,10/13/2025,sierra-gold,8431,12.4,8:17,3:16
93571,10/13/2025,sierra-gold,8432,13.9,8:15,3:35
93573,10/13/2025,sierra-gold,8433,12.3,8:06,3:16
93567,10/13/2025,sierra-gold,8472,4.4,8:26,1:59
93565,10/13/2025,sierra-gold,8475,4.8,8:31,2:03
93566,10/13/2025,sierra-gold,8480,4.2,8:23,1:51
93335,10/10/2025,sierra-gold,8431,11.2,8:17,3:00
93324,10/10/2025,sierra-gold,8432,13.5,8:17,3:32
93337,10/10/2025,sierra-gold,8433,10.9,8:16,2:55
93322,10/10/2025,sierra-gold,8472,3.4,7:31,1:15
93316,10/10/2025,sierra-gold,8475,3.8,7:33,1:21
93317,10/10/2025,sierra-gold,8480,3.4,8:34,1:15
93152,10/9/2025,sierra-gold,8431,2.5,8:04,0:42
93147,10/9/2025,sierra-gold,8432,1.2,7:17,0:20
93154,10/9/2025,sierra-gold,8433,2.7,8:07,0:48
93145,10/9/2025,sierra-gold,8472,3.9,8:36,1:31
93143,10/9/2025,sierra-gold,8475,4.5,8:36,1:42
93144,10/9/2025,sierra-gold,8480,2.7,8:37,1:06
92962,10/8/2025,sierra-gold,8431,11.3,8:17,3:03
92958,10/8/2025,sierra-gold,8432,12.9,8:15,3:26
92963,10/8/2025,sierra-gold,8433,10.9,8:34,2:55
92961,10/8/2025,sierra-gold,8472,2.9,8:27,1:05
92959,10/8/2025,sierra-gold,8475,3.5,8:27,1:17
92960,10/8/2025,sierra-gold,8480,3.0,8:42,1:08
92756,10/7/2025,sierra-gold,8431,9.4,8:18,2:41
92757,10/7/2025,sierra-gold,8432,11.9,8:18,3:22
92762,10/7/2025,sierra-gold,8433,10.4,8:33,3:00
92755,10/7/2025,sierra-gold,8472,2.4,7:55,0:57
92758,10/7/2025,sierra-gold,8475,3.1,8:15,1:10
92759,10/7/2025,sierra-gold,8480,2.3,7:56,0:54
92533,10/6/2025,sierra-gold,8431,6.8,8:17,2:04
92531,10/6/2025,sierra-gold,8432,7.7,8:17,2:21
92534,10/6/2025,sierra-gold,8433,6.3,8:16,1:58
92525,10/6/2025,sierra-gold,8472,2.0,8:36,0:50
92520,10/6/2025,sierra-gold,8475,2.9,8:27,1:09
92524,10/6/2025,sierra-gold,8480,1.2,8:27,0:30
92311,10/3/2025,sierra-gold,8431,2.9,6:38,0:51
92302,10/3/2025,sierra-gold,8432,3.8,5:06,1:05
92313,10/3/2025,sierra-gold,8433,2.8,4:47,0:47
92297,10/3/2025,sierra-gold,8472,3.5,8:32,1:25
92296,10/3/2025,sierra-gold,8475,1.7,6:41,0:44
92298,10/3/2025,sierra-gold,8480,2.8,8:33,1:11
92099,10/2/2025,sierra-gold,8431,4.0,8:17,1:17
92083,10/2/2025,sierra-gold,8432,6.6,8:11,1:59
92100,10/2/2025,sierra-gold,8433,4.0,8:05,1:14
92074,10/2/2025,sierra-gold,8472,6.2,8:35,2:10
92081,10/2/2025,sierra-gold,8475,7.0,8:11,2:24
92075,10/2/2025,sierra-gold,8480,6.9,8:04,2:23
91957,10/1/2025,sierra-gold,8432,0.1,0:14,0:01
91901,10/1/2025,sierra-gold,8472,3.4,5:32,1:21
91900,10/1/2025,sierra-gold,8475,3.7,5:35,1:26
91902,10/1/2025,sierra-gold,8480,3.6,5:32,1:22
91664,9/30/2025,sierra-gold,8431,9.0,8:23,2:45
91622,9/30/2025,sierra-gold,8432,9.6,8:16,2:58
91673,9/30/2025,sierra-gold,8433,9.0,8:26,2:45
91464,9/29/2025,sierra-gold,8431,7.3,7:48,2:18
91412,9/29/2025,sierra-gold,8432,5.4,7:51,2:15
91488,9/29/2025,sierra-gold,8433,5.8,7:04,1:48
91455,9/29/2025,sierra-gold,8472,4.6,8:36,1:57
91430,9/29/2025,sierra-gold,8475,4.1,8:33,1:47
91441,9/29/2025,sierra-gold,8480,6.2,8:31,2:02
91183,9/26/2025,sierra-gold,8431,0.8,8:19,0:17
91176,9/26/2025,sierra-gold,8432,1.3,5:39,0:27
91169,9/26/2025,sierra-gold,8472,4.3,8:36,1:49
91161,9/26/2025,sierra-gold,8475,4.5,8:43,1:51
91168,9/26/2025,sierra-gold,8480,4.4,8:41,1:52
90999,9/25/2025,sierra-gold,8431,3.4,8:08,1:04
91073,9/25/2025,sierra-gold,8432,0.2,0:16,0:06
90984,9/25/2025,sierra-gold,8472,4.3,8:40,1:48
90980,9/25/2025,sierra-gold,8475,4.5,8:36,1:48
90991,9/25/2025,sierra-gold,8480,4.0,8:35,1:35
90809,9/24/2025,sierra-gold,8431,3.1,7:37,1:00
90808,9/24/2025,sierra-gold,8433,2.4,7:37,0:49
90796,9/24/2025,sierra-gold,8472,3.7,8:44,1:30
90794,9/24/2025,sierra-gold,8475,2.6,8:42,1:04
90801,9/24/2025,sierra-gold,8480,2.4,7:56,0:58
90654,9/23/2025,sierra-gold,8431,9.2,8:37,2:54
90653,9/23/2025,sierra-gold,8433,3.7,7:49,1:10
90634,9/23/2025,sierra-gold,8472,0.4,8:40,0:12
90632,9/23/2025,sierra-gold,8475,0.5,8:41,0:13
90639,9/23/2025,sierra-gold,8480,0.5,8:29,0:14
90493,9/22/2025,sierra-gold,8431,10.6,8:20,3:18
90491,9/22/2025,sierra-gold,8432,1.9,8:26,0:37
90492,9/22/2025,sierra-gold,8433,10.1,8:18,3:11
90473,9/22/2025,sierra-gold,8472,4.2,8:43,1:54
90472,9/22/2025,sierra-gold,8475,3.8,8:36,1:41
90481,9/22/2025,sierra-gold,8480,3.7,8:38,1:39
90273,9/19/2025,sierra-gold,8431,7.7,8:38,2:36
90101,9/19/2025,sierra-gold,8432,9.4,8:35,3:02
90288,9/19/2025,sierra-gold,8433,7.0,7:54,2:22
90269,9/19/2025,sierra-gold,8472,6.5,8:32,2:32
90233,9/19/2025,sierra-gold,8475,6.6,8:32,2:30
90169,9/19/2025,sierra-gold,8480,6.3,8:41,2:26
90024,9/18/2025,sierra-gold,8472,3.5,7:56,1:23
90023,9/18/2025,sierra-gold,8475,3.3,7:56,1:15
90026,9/18/2025,sierra-gold,8480,3.3,7:56,1:19
89899,9/17/2025,sierra-gold,8433,0.8,3:14,0:19
89864,9/17/2025,sierra-gold,8472,4.6,6:35,1:48
89862,9/17/2025,sierra-gold,8475,4.4,6:35,1:39
89868,9/17/2025,sierra-gold,8480,4.0,6:35,1:31
89694,9/16/2025,sierra-gold,8431,8.6,8:34,2:54
89693,9/16/2025,sierra-gold,8432,7.8,8:28,2:41
89712,9/16/2025,sierra-gold,8433,1.4,7:46,0:33
89684,9/16/2025,sierra-gold,8472,4.5,8:33,1:52
89681,9/16/2025,sierra-gold,8475,4.7,8:38,1:55
89688,9/16/2025,sierra-gold,8480,4.5,8:32,1:53
89517,9/15/2025,sierra-gold,8431,0.9,3:40,0:22
89528,9/15/2025,sierra-gold,8432,1.3,3:40,0:32
89492,9/15/2025,sierra-gold,8472,4.3,8:27,1:52
89485,9/15/2025,sierra-gold,8475,4.9,8:41,2:06
89508,9/15/2025,sierra-gold,8480,4.3,8:39,1:52
89239,9/12/2025,sierra-gold,8431,1.2,8:16,0:30
89235,9/12/2025,sierra-gold,8432,0.9,8:14,0:24
89229,9/12/2025,sierra-gold,8472,2.9,8:33,1:16
89227,9/12/2025,sierra-gold,8475,3.3,8:36,1:27
89231,9/12/2025,sierra-gold,8480,3.0,8:32,1:19
89098,9/11/2025,sierra-gold,8431,2.4,6:17,0:57
89097,9/11/2025,sierra-gold,8432,2.1,6:10,0:49
89114,9/11/2025,sierra-gold,8433,0.3,0:51,0:07
89057,9/11/2025,sierra-gold,8472,3.6,8:31,1:34
89055,9/11/2025,sierra-gold,8475,3.8,8:38,1:36
89063,9/11/2025,sierra-gold,8480,3.6,8:20,1:30
88917,9/10/2025,sierra-gold,8431,2.7,7:09,1:05
88914,9/10/2025,sierra-gold,8432,2.6,7:09,1:03
88876,9/10/2025,sierra-gold,8472,5.7,8:36,2:09
88875,9/10/2025,sierra-gold,8475,5.1,8:26,1:53
88879,9/10/2025,sierra-gold,8480,5.2,8:36,1:58
88727,9/9/2025,sierra-gold,8431,2.6,7:47,1:03
88726,9/9/2025,sierra-gold,8432,2.7,8:04,1:04
88728,9/9/2025,sierra-gold,8433,1.0,7:27,0:24
88761,9/9/2025,sierra-gold,8472,2.3,2:52,0:47
88760,9/9/2025,sierra-gold,8475,2.3,2:53,0:44
88762,9/9/2025,sierra-gold,8480,2.2,2:57,0:43
88506,9/8/2025,sierra-gold,8431,3.0,8:05,1:12
88532,9/8/2025,sierra-gold,8432,2.6,7:04,1:03
88556,9/8/2025,sierra-gold,8433,1.7,4:43,0:35
88254,9/5/2025,sierra-gold,8431,2.3,8:11,1:04
88252,9/5/2025,sierra-gold,8432,2.4,8:18,1:05
88253,9/5/2025,sierra-gold,8433,2.4,7:13,0:47
88238,9/5/2025,sierra-gold,8472,3.8,8:39,1:20
88239,9/5/2025,sierra-gold,8475,3.1,8:41,1:03
88245,9/5/2025,sierra-gold,8480,3.9,8:41,1:20
88116,9/4/2025,sierra-gold,8431,2.7,6:34,1:04
88115,9/4/2025,sierra-gold,8432,2.6,6:34,1:04
88095,9/4/2025,sierra-gold,8433,1.2,7:50,0:30
88060,9/4/2025,sierra-gold,8472,6.2,8:45,2:16
88055,9/4/2025,sierra-gold,8475,6.7,8:47,2:21
88064,9/4/2025,sierra-gold,8480,6.3,8:38,2:14
87901,9/3/2025,sierra-gold,8431,2.7,8:00,1:04
87898,9/3/2025,sierra-gold,8432,2.5,8:10,1:01
87931,9/3/2025,sierra-gold,8433,1.0,6:06,0:30
87874,9/3/2025,sierra-gold,8472,5.7,8:41,2:18
87870,9/3/2025,sierra-gold,8475,6.2,8:44,2:26
87877,9/3/2025,sierra-gold,8480,6.1,8:38,2:24
87675,9/2/2025,sierra-gold,8431,3.1,8:24,1:13
87673,9/2/2025,sierra-gold,8432,3.4,8:24,1:22
87648,9/2/2025,sierra-gold,8472,6.8,8:39,2:33
87645,9/2/2025,sierra-gold,8475,6.9,8:36,2:33
87660,9/2/2025,sierra-gold,8480,6.8,8:33,2:34
87295,8/29/2025,sierra-gold,8431,2.7,7:40,1:06
87288,8/29/2025,sierra-gold,8432,3.5,7:55,1:22
87291,8/29/2025,sierra-gold,8433,2.4,7:59,0:50
87282,8/29/2025,sierra-gold,8472,4.1,8:26,1:45
87280,8/29/2025,sierra-gold,8475,4.9,8:28,1:59
87283,8/29/2025,sierra-gold,8480,4.7,8:30,1:55
87129,8/28/2025,sierra-gold,8431,4.5,8:10,1:40
87125,8/28/2025,sierra-gold,8432,4.4,8:07,1:36
87185,8/28/2025,sierra-gold,8433,1.2,7:55,0:36
87114,8/28/2025,sierra-gold,8472,5.9,8:32,2:16
87113,8/28/2025,sierra-gold,8475,6.1,8:27,2:18
87115,8/28/2025,sierra-gold,8480,6.0,8:35,2:15
86893,8/27/2025,sierra-gold,8431,0.9,2:37,0:21
86890,8/27/2025,sierra-gold,8432,1.4,2:37,0:30
86883,8/27/2025,sierra-gold,8472,6.0,8:32,2:26
86882,8/27/2025,sierra-gold,8475,5.7,8:32,2:14
86884,8/27/2025,sierra-gold,8480,6.0,8:29,2:24
86736,8/26/2025,sierra-gold,8431,2.8,6:37,0:59
86735,8/26/2025,sierra-gold,8432,2.5,6:34,0:54
86697,8/26/2025,sierra-gold,8433,1.2,7:37,0:32
86641,8/26/2025,sierra-gold,8472,4.1,8:27,1:39
86640,8/26/2025,sierra-gold,8475,4.4,8:28,1:45
86646,8/26/2025,sierra-gold,8480,4.1,8:28,1:39
86461,8/25/2025,sierra-gold,8431,4.0,8:09,1:31
86459,8/25/2025,sierra-gold,8432,3.5,8:06,1:20
86460,8/25/2025,sierra-gold,8433,2.3,7:58,0:52
86443,8/25/2025,sierra-gold,8472,4.2,8:25,1:42
86442,8/25/2025,sierra-gold,8475,4.1,8:11,1:38
86444,8/25/2025,sierra-gold,8480,4.2,8:19,1:36
86185,8/22/2025,sierra-gold,8472,4.6,6:44,1:55
86184,8/22/2025,sierra-gold,8475,4.5,6:54,1:53
86192,8/22/2025,sierra-gold,8480,4.1,6:27,1:44
86050,8/21/2025,sierra-gold,8433,1.5,6:14,0:38
85990,8/21/2025,sierra-gold,8472,2.8,7:08,1:11
85989,8/21/2025,sierra-gold,8475,2.8,7:00,1:08
85991,8/21/2025,sierra-gold,8480,2.8,7:07,1:10
85863,8/20/2025,sierra-gold,8433,1.0,6:53,0:26
85805,8/20/2025,sierra-gold,8472,4.5,8:27,1:51
85804,8/20/2025,sierra-gold,8475,4.3,8:27,1:45
85808,8/20/2025,sierra-gold,8480,4.4,8:01,1:47
85654,8/19/2025,sierra-gold,8431,3.4,7:59,1:22
85658,8/19/2025,sierra-gold,8432,3.8,8:04,1:32
85648,8/19/2025,sierra-gold,8433,1.1,8:31,0:32
85650,8/19/2025,sierra-gold,8472,2.0,8:24,0:47
85647,8/19/2025,sierra-gold,8475,0.3,7:20,0:09
85646,8/19/2025,sierra-gold,8480,2.3,7:27,0:58
85449,8/18/2025,sierra-gold,8431,5.4,8:31,2:12
85519,8/18/2025,sierra-gold,8432,0.4,7:37,0:12
85521,8/18/2025,sierra-gold,8433,0.7,5:54,0:18
85520,8/18/2025,sierra-gold,8472,2.2,7:30,0:55
85448,8/18/2025,sierra-gold,8475,6.3,9:11,2:36
85451,8/18/2025,sierra-gold,8480,6.0,8:35,2:27
85222,8/15/2025,sierra-gold,8431,6.6,7:59,2:34
85220,8/15/2025,sierra-gold,8433,1.1,8:49,0:27
85212,8/15/2025,sierra-gold,8472,7.0,8:33,2:51
85211,8/15/2025,sierra-gold,8475,1.0,8:24,0:26
85215,8/15/2025,sierra-gold,8480,6.8,8:23,2:42
85032,8/14/2025,sierra-gold,8431,5.2,8:32,1:49
85029,8/14/2025,sierra-gold,8432,4.8,8:15,1:42
85030,8/14/2025,sierra-gold,8433,1.6,8:17,0:40
85017,8/14/2025,sierra-gold,8472,4.5,8:37,1:59
85022,8/14/2025,sierra-gold,8475,4.6,8:40,1:59
85024,8/14/2025,sierra-gold,8480,1.9,6:58,0:49
84849,8/13/2025,sierra-gold,8431,4.7,8:10,1:38
84846,8/13/2025,sierra-gold,8432,4.7,8:17,1:35
84909,8/13/2025,sierra-gold,8433,0.8,2:33,0:17
84832,8/13/2025,sierra-gold,8472,5.7,8:18,2:19
84831,8/13/2025,sierra-gold,8475,5.7,8:17,2:18
84838,8/13/2025,sierra-gold,8480,0.6,8:25,0:28
84668,8/12/2025,sierra-gold,8431,7.6,8:28,2:47
84670,8/12/2025,sierra-gold,8432,6.8,8:13,2:31
84688,8/12/2025,sierra-gold,8433,1.9,7:24,0:41
84671,8/12/2025,sierra-gold,8472,7.4,8:14,2:45
84665,8/12/2025,sierra-gold,8475,0.5,7:48,0:14
84669,8/12/2025,sierra-gold,8480,1.3,8:09,0:32
84490,8/11/2025,sierra-gold,8431,5.2,7:04,2:10
84488,8/11/2025,sierra-gold,8475,5.4,7:07,2:16
84491,8/11/2025,sierra-gold,8480,5.4,7:08,2:18
84369,8/8/2025,sierra-gold,8431,2.9,5:27,1:19
84360,8/8/2025,sierra-gold,8432,0.0,6:26,0:01
84344,8/8/2025,sierra-gold,8433,2.3,8:13,0:56
84337,8/8/2025,sierra-gold,8472,1.5,8:24,0:42
84336,8/8/2025,sierra-gold,8475,4.2,7:14,1:55
84340,8/8/2025,sierra-gold,8480,3.8,7:06,1:47
84215,8/7/2025,sierra-gold,8431,0.2,7:45,0:06
84230,8/7/2025,sierra-gold,8432,0.1,7:00,0:03
84211,8/7/2025,sierra-gold,8433,2.2,8:33,0:59
84251,8/7/2025,sierra-gold,8472,2.3,5:27,1:09
84210,8/7/2025,sierra-gold,8475,4.1,8:36,1:52
84214,8/7/2025,sierra-gold,8480,3.8,8:36,1:45
84077,8/6/2025,sierra-gold,8431,0.9,8:25,0:18
84072,8/6/2025,sierra-gold,8433,6.0,8:30,2:29
84071,8/6/2025,sierra-gold,8475,6.0,8:28,2:27
84075,8/6/2025,sierra-gold,8480,5.9,8:33,2:24
83948,8/5/2025,sierra-gold,8433,6.9,8:33,2:55
83947,8/5/2025,sierra-gold,8475,7.1,8:33,2:57
83949,8/5/2025,sierra-gold,8480,6.5,8:32,2:42
83878,8/4/2025,sierra-gold,8431,0.1,0:33,0:04
83877,8/4/2025,sierra-gold,8432,0.0,0:02,0:00
83813,8/4/2025,sierra-gold,8433,5.9,8:35,2:26
83836,8/4/2025,sierra-gold,8472,0.4,7:12,0:09
83812,8/4/2025,sierra-gold,8475,5.9,8:40,2:25
83814,8/4/2025,sierra-gold,8480,6.0,8:33,2:27
83627,8/1/2025,sierra-gold,8431,1.2,6:41,0:24
83625,8/1/2025,sierra-gold,8432,2.6,6:45,0:54
83611,8/1/2025,sierra-gold,8433,6.9,8:30,2:45
83626,8/1/2025,sierra-gold,8472,3.5,8:30,1:11
83609,8/1/2025,sierra-gold,8475,7.2,8:34,2:48
83617,8/1/2025,sierra-gold,8480,7.3,8:34,2:49
83515,7/31/2025,sierra-gold,8431,4.7,8:38,1:44
83513,7/31/2025,sierra-gold,8432,3.9,8:17,1:27
83510,7/31/2025,sierra-gold,8433,6.0,8:33,2:13
83514,7/31/2025,sierra-gold,8472,4.4,8:10,1:41
83509,7/31/2025,sierra-gold,8475,4.7,8:30,2:01
83511,7/31/2025,sierra-gold,8480,5.1,8:35,2:04
83368,7/30/2025,sierra-gold,8431,5.1,8:35,1:58
83366,7/30/2025,sierra-gold,8432,5.1,8:12,1:58
83360,7/30/2025,sierra-gold,8433,4.1,8:34,1:21
83367,7/30/2025,sierra-gold,8472,4.9,8:17,1:56
83359,7/30/2025,sierra-gold,8475,3.5,8:34,1:09
83361,7/30/2025,sierra-gold,8480,4.4,8:44,1:28
83241,7/29/2025,sierra-gold,8431,3.6,8:17,1:25
83249,7/29/2025,sierra-gold,8432,3.7,8:11,1:25
83233,7/29/2025,sierra-gold,8433,6.0,8:34,2:33
83250,7/29/2025,sierra-gold,8472,3.2,7:58,1:17
83232,7/29/2025,sierra-gold,8475,6.0,8:28,2:26
83235,7/29/2025,sierra-gold,8480,5.8,8:34,2:30
83110,7/28/2025,sierra-gold,8431,2.7,8:16,1:04
83107,7/28/2025,sierra-gold,8432,3.7,8:13,1:20
83100,7/28/2025,sierra-gold,8433,7.4,8:29,3:06
83108,7/28/2025,sierra-gold,8472,3.3,8:17,1:12
83098,7/28/2025,sierra-gold,8475,7.3,8:32,3:05
83102,7/28/2025,sierra-gold,8480,7.4,8:28,3:07
82905,7/25/2025,sierra-gold,8431,4.0,7:47,1:16
82902,7/25/2025,sierra-gold,8432,5.2,8:21,1:37
82898,7/25/2025,sierra-gold,8433,7.5,8:38,2:52
82903,7/25/2025,sierra-gold,8472,3.8,8:15,1:15
82895,7/25/2025,sierra-gold,8475,7.9,8:26,2:57
82900,7/25/2025,sierra-gold,8480,8.3,8:38,3:06
82771,7/24/2025,sierra-gold,8431,5.4,7:50,1:43
82769,7/24/2025,sierra-gold,8432,5.4,8:31,1:41
82710,7/24/2025,sierra-gold,8433,3.0,8:56,1:14
82770,7/24/2025,sierra-gold,8472,6.2,8:27,1:54
82705,7/24/2025,sierra-gold,8475,2.3,8:46,0:56
82715,7/24/2025,sierra-gold,8480,2.7,8:47,1:07
82537,7/23/2025,sierra-gold,8431,6.8,8:26,1:56
82522,7/23/2025,sierra-gold,8432,6.3,8:34,1:44
82515,7/23/2025,sierra-gold,8433,3.7,7:47,1:21
82524,7/23/2025,sierra-gold,8472,5.7,8:15,1:42
82514,7/23/2025,sierra-gold,8475,2.7,7:46,1:01
82517,7/23/2025,sierra-gold,8480,3.2,7:47,1:11
82269,7/22/2025,sierra-gold,8431,0.2,0:09,0:05
82299,7/22/2025,sierra-gold,8431,7.2,8:35,1:58
82329,7/22/2025,sierra-gold,8431,0.2,0:09,0:05
82359,7/22/2025,sierra-gold,8431,0.2,0:09,0:05
82256,7/22/2025,sierra-gold,8432,0.3,0:07,0:05
82286,7/22/2025,sierra-gold,8432,7.0,8:17,1:54
82316,7/22/2025,sierra-gold,8432,0.3,0:07,0:05
82346,7/22/2025,sierra-gold,8432,0.3,0:07,0:05
82247,7/22/2025,sierra-gold,8433,7.0,8:41,2:22
82259,7/22/2025,sierra-gold,8472,0.2,0:08,0:04
82289,7/22/2025,sierra-gold,8472,7.1,8:37,1:57
82319,7/22/2025,sierra-gold,8472,0.2,0:08,0:04
82349,7/22/2025,sierra-gold,8472,0.2,0:08,0:04
82245,7/22/2025,sierra-gold,8475,7.2,8:34,2:25
82249,7/22/2025,sierra-gold,8480,7.4,8:40,2:26
82046,7/21/2025,sierra-gold,8431,3.0,8:43,1:06
82044,7/21/2025,sierra-gold,8432,3.3,8:26,1:11
82045,7/21/2025,sierra-gold,8433,6.1,8:43,2:13
82049,7/21/2025,sierra-gold,8472,2.3,8:11,0:58
82043,7/21/2025,sierra-gold,8475,6.6,8:42,2:23
82047,7/21/2025,sierra-gold,8480,6.7,8:41,2:23
81851,7/18/2025,sierra-gold,8431,5.3,8:43,1:55
81841,7/18/2025,sierra-gold,8432,4.0,8:44,1:31
81832,7/18/2025,sierra-gold,8433,5.0,8:38,1:56
81842,7/18/2025,sierra-gold,8472,4.5,8:15,1:40
81830,7/18/2025,sierra-gold,8475,5.0,8:32,1:57
81834,7/18/2025,sierra-gold,8480,4.8,8:34,1:55
81692,7/17/2025,sierra-gold,8431,4.7,8:27,1:40
81681,7/17/2025,sierra-gold,8432,5.3,8:13,1:50
81675,7/17/2025,sierra-gold,8433,5.0,8:34,1:49
81684,7/17/2025,sierra-gold,8472,5.5,8:23,1:56
81674,7/17/2025,sierra-gold,8475,5.6,8:42,2:02
81677,7/17/2025,sierra-gold,8480,4.8,8:42,1:45
81498,7/16/2025,sierra-gold,8431,5.2,8:01,1:48
81495,7/16/2025,sierra-gold,8432,5.6,8:36,1:56
81487,7/16/2025,sierra-gold,8433,5.0,8:45,1:53
81497,7/16/2025,sierra-gold,8472,5.4,8:36,1:58
81485,7/16/2025,sierra-gold,8475,5.3,8:43,2:02
81494,7/16/2025,sierra-gold,8480,4.9,8:22,1:55
81351,7/15/2025,sierra-gold,8431,5.2,8:26,1:46
81347,7/15/2025,sierra-gold,8432,5.4,8:38,1:51
81386,7/15/2025,sierra-gold,8433,2.4,5:53,1:01
81348,7/15/2025,sierra-gold,8472,5.4,8:27,1:49
81384,7/15/2025,sierra-gold,8475,2.7,5:51,1:06
81387,7/15/2025,sierra-gold,8480,3.0,5:51,1:13
81187,7/14/2025,sierra-gold,8431,4.8,8:43,1:39
81193,7/14/2025,sierra-gold,8432,4.7,8:34,1:37
81186,7/14/2025,sierra-gold,8433,0.8,8:37,0:21
81194,7/14/2025,sierra-gold,8472,4.5,8:17,1:33
81190,7/14/2025,sierra-gold,8475,1.2,8:23,0:31
81189,7/14/2025,sierra-gold,8480,1.1,8:38,0:29
80858,7/11/2025,sierra-gold,8431,4.6,6:55,1:34
80827,7/11/2025,sierra-gold,8432,4.1,6:59,1:25
80814,7/11/2025,sierra-gold,8433,4.6,7:00,1:49
80834,7/11/2025,sierra-gold,8472,4.3,7:01,1:30
80816,7/11/2025,sierra-gold,8475,4.1,7:06,1:40
80815,7/11/2025,sierra-gold,8480,4.8,7:01,1:50
80700,7/10/2025,sierra-gold,8431,4.6,8:08,1:35
80697,7/10/2025,sierra-gold,8432,4.0,8:01,1:24
80695,7/10/2025,sierra-gold,8433,6.6,8:37,2:45
80699,7/10/2025,sierra-gold,8472,4.7,8:27,1:41
80693,7/10/2025,sierra-gold,8475,6.8,8:29,2:46
80696,7/10/2025,sierra-gold,8480,6.6,8:30,2:43
80538,7/9/2025,sierra-gold,8431,5.3,8:27,1:52
80534,7/9/2025,sierra-gold,8432,4.8,8:04,1:33
80531,7/9/2025,sierra-gold,8433,6.5,8:46,2:34
80535,7/9/2025,sierra-gold,8472,3.9,8:04,1:18
80528,7/9/2025,sierra-gold,8475,6.8,8:41,2:44
80533,7/9/2025,sierra-gold,8480,6.5,8:43,2:34
80399,7/8/2025,sierra-gold,8431,5.4,8:32,1:45
80396,7/8/2025,sierra-gold,8432,4.6,8:09,1:30
80393,7/8/2025,sierra-gold,8433,5.9,8:43,2:24
80397,7/8/2025,sierra-gold,8472,4.2,8:18,1:24
80392,7/8/2025,sierra-gold,8475,5.7,8:48,2:20
80394,7/8/2025,sierra-gold,8480,5.4,8:45,2:13
80286,7/7/2025,sierra-gold,8431,5.0,8:34,1:35
80284,7/7/2025,sierra-gold,8432,5.0,8:40,1:33
80282,7/7/2025,sierra-gold,8433,4.2,8:34,1:32
80285,7/7/2025,sierra-gold,8472,5.2,8:15,1:41
80281,7/7/2025,sierra-gold,8475,5.4,8:34,1:51
80283,7/7/2025,sierra-gold,8480,5.1,8:36,1:48
80018,7/3/2025,sierra-gold,8431,3.5,7:33,1:06
80016,7/3/2025,sierra-gold,8432,2.7,8:28,0:54
80010,7/3/2025,sierra-gold,8433,7.3,8:29,2:51
80017,7/3/2025,sierra-gold,8472,2.5,7:29,0:52
80009,7/3/2025,sierra-gold,8475,6.9,8:36,2:41
80012,7/3/2025,sierra-gold,8480,7.3,8:36,2:51
79878,7/2/2025,sierra-gold,8431,5.2,8:34,1:35
79874,7/2/2025,sierra-gold,8432,4.3,8:04,1:19
79871,7/2/2025,sierra-gold,8433,6.9,8:45,2:49
79875,7/2/2025,sierra-gold,8472,4.4,8:15,1:24
79870,7/2/2025,sierra-gold,8475,6.7,8:38,2:47
79872,7/2/2025,sierra-gold,8480,7.4,8:37,2:51
79699,7/1/2025,sierra-gold,8431,1.6,3:30,0:31
79696,7/1/2025,sierra-gold,8432,5.7,7:59,1:42
79693,7/1/2025,sierra-gold,8433,7.3,8:21,2:57
79697,7/1/2025,sierra-gold,8472,5.0,8:12,1:30
79692,7/1/2025,sierra-gold,8475,6.8,8:32,2:47
79694,7/1/2025,sierra-gold,8480,7.2,8:42,2:55
79546,6/30/2025,sierra-gold,8431,4.2,6:09,1:12
79544,6/30/2025,sierra-gold,8432,6.2,8:03,1:45
79547,6/30/2025,sierra-gold,8433,8.0,8:43,2:58
79545,6/30/2025,sierra-gold,8472,6.3,8:15,1:48
79542,6/30/2025,sierra-gold,8475,7.8,8:39,2:48
79548,6/30/2025,sierra-gold,8480,7.9,8:40,2:54
79376,6/27/2025,sierra-gold,8431,6.1,8:28,1:48
79374,6/27/2025,sierra-gold,8432,6.5,8:30,1:47
79371,6/27/2025,sierra-gold,8433,8.4,8:48,2:43
79375,6/27/2025,sierra-gold,8472,5.8,8:24,1:39
79369,6/27/2025,sierra-gold,8475,8.0,8:50,2:31
79372,6/27/2025,sierra-gold,8480,8.0,8:42,2:34
79242,6/26/2025,sierra-gold,8431,5.1,8:40,1:50
79240,6/26/2025,sierra-gold,8432,4.6,8:21,1:37
79238,6/26/2025,sierra-gold,8433,6.2,8:49,2:11
79241,6/26/2025,sierra-gold,8472,3.8,8:04,1:24
79237,6/26/2025,sierra-gold,8475,6.7,8:53,2:19
79239,6/26/2025,sierra-gold,8480,6.2,8:48,2:12
79028,6/25/2025,sierra-gold,8431,4.2,8:12,1:28
79027,6/25/2025,sierra-gold,8432,4.0,8:09,1:25
79033,6/25/2025,sierra-gold,8433,4.0,8:30,1:34
79032,6/25/2025,sierra-gold,8472,4.7,8:35,1:39
79031,6/25/2025,sierra-gold,8475,4.6,8:22,1:42
79030,6/25/2025,sierra-gold,8480,4.1,8:04,1:36
78910,6/24/2025,sierra-gold,8431,4.9,8:17,1:32
78908,6/24/2025,sierra-gold,8432,5.4,8:25,1:43
78912,6/24/2025,sierra-gold,8433,5.2,8:32,2:02
78909,6/24/2025,sierra-gold,8472,5.1,8:28,1:35
78911,6/24/2025,sierra-gold,8475,4.7,8:32,1:58
78914,6/24/2025,sierra-gold,8480,4.9,8:35,2:02
78785,6/23/2025,sierra-gold,8431,4.3,8:15,1:25
78783,6/23/2025,sierra-gold,8432,4.4,8:32,1:23
78781,6/23/2025,sierra-gold,8433,6.0,8:49,2:19
78784,6/23/2025,sierra-gold,8472,4.3,8:24,1:25
78780,6/23/2025,sierra-gold,8475,6.1,9:00,2:24
78782,6/23/2025,sierra-gold,8480,5.7,8:56,2:18
78567,6/20/2025,sierra-gold,8431,4.9,8:18,1:31
78564,6/20/2025,sierra-gold,8432,6.7,8:17,2:01
78559,6/20/2025,sierra-gold,8433,6.5,8:47,2:31
78565,6/20/2025,sierra-gold,8472,6.3,8:33,1:54
78558,6/20/2025,sierra-gold,8475,6.4,8:49,2:28
78560,6/20/2025,sierra-gold,8480,6.7,8:48,2:33
78381,6/19/2025,sierra-gold,8431,2.8,8:09,1:09
78384,6/19/2025,sierra-gold,8432,3.6,7:24,1:24
78386,6/19/2025,sierra-gold,8433,5.0,8:31,2:08
78385,6/19/2025,sierra-gold,8472,3.7,7:49,1:25
78376,6/19/2025,sierra-gold,8475,4.2,8:22,1:50
78383,6/19/2025,sierra-gold,8480,3.2,8:21,1:19
78251,6/18/2025,sierra-gold,8431,3.3,7:44,1:18
78241,6/18/2025,sierra-gold,8432,5.0,8:45,1:59
78243,6/18/2025,sierra-gold,8433,5.4,8:55,2:08
78242,6/18/2025,sierra-gold,8472,5.3,8:54,2:05
78249,6/18/2025,sierra-gold,8475,4.3,8:26,1:41
78254,6/18/2025,sierra-gold,8480,4.5,8:07,1:41
78109,6/17/2025,sierra-gold,8431,6.8,8:16,2:02
78101,6/17/2025,sierra-gold,8432,4.5,8:49,2:04
78103,6/17/2025,sierra-gold,8433,4.3,8:55,2:05
78102,6/17/2025,sierra-gold,8472,4.2,8:46,2:00
78112,6/17/2025,sierra-gold,8475,5.9,8:38,1:45
78111,6/17/2025,sierra-gold,8480,6.2,8:33,1:52
78003,6/16/2025,sierra-gold,8431,5.7,8:28,1:43
78007,6/16/2025,sierra-gold,8432,5.4,8:36,2:01
78009,6/16/2025,sierra-gold,8433,4.9,8:37,1:49
78008,6/16/2025,sierra-gold,8472,5.2,8:37,1:58
78002,6/16/2025,sierra-gold,8475,6.4,8:47,1:54
78006,6/16/2025,sierra-gold,8480,5.6,8:17,1:38
77831,6/13/2025,sierra-gold,8431,5.5,7:47,1:35
77826,6/13/2025,sierra-gold,8432,4.4,8:39,1:51
77828,6/13/2025,sierra-gold,8433,4.7,8:43,1:58
77827,6/13/2025,sierra-gold,8472,4.6,8:38,1:56
77830,6/13/2025,sierra-gold,8475,6.0,8:03,1:43
77834,6/13/2025,sierra-gold,8480,6.4,8:19,1:50
77723,6/12/2025,sierra-gold,8431,4.7,8:11,1:25
77716,6/12/2025,sierra-gold,8432,4.5,8:47,1:43
77718,6/12/2025,sierra-gold,8433,4.6,8:54,1:44
77717,6/12/2025,sierra-gold,8472,4.8,8:58,1:51
77721,6/12/2025,sierra-gold,8475,4.2,8:03,1:19
77726,6/12/2025,sierra-gold,8480,4.7,8:08,1:24
77604,6/11/2025,sierra-gold,8431,5.4,7:49,1:49
77597,6/11/2025,sierra-gold,8432,6.2,8:52,2:13
77599,6/11/2025,sierra-gold,8433,6.3,8:49,2:12
77598,6/11/2025,sierra-gold,8472,5.4,8:48,1:53
77603,6/11/2025,sierra-gold,8475,5.2,7:39,1:45
77607,6/11/2025,sierra-gold,8480,5.6,8:22,1:58
77466,6/10/2025,sierra-gold,8431,5.1,8:27,1:43
77472,6/10/2025,sierra-gold,8432,5.3,8:28,1:52
77474,6/10/2025,sierra-gold,8433,5.1,8:33,1:46
77473,6/10/2025,sierra-gold,8472,5.9,8:46,2:05
77461,6/10/2025,sierra-gold,8475,4.3,8:06,1:36
77471,6/10/2025,sierra-gold,8480,4.8,8:18,1:40
77369,6/9/2025,sierra-gold,8431,5.2,7:08,1:39
77339,6/9/2025,sierra-gold,8432,4.5,8:50,1:35
77342,6/9/2025,sierra-gold,8433,4.5,8:40,1:35
77341,6/9/2025,sierra-gold,8472,4.8,8:42,1:41
77364,6/9/2025,sierra-gold,8475,5.2,7:07,1:40
77367,6/9/2025,sierra-gold,8480,5.3,6:53,1:41
77186,6/6/2025,sierra-gold,8431,4.3,8:03,1:32
77180,6/6/2025,sierra-gold,8432,6.2,8:42,2:06
77182,6/6/2025,sierra-gold,8433,6.2,8:44,2:05
77181,6/6/2025,sierra-gold,8472,6.4,8:40,2:10
77185,6/6/2025,sierra-gold,8475,5.0,8:21,1:43
77190,6/6/2025,sierra-gold,8480,4.7,8:06,1:39
77071,6/5/2025,sierra-gold,8431,3.5,8:41,1:08
77068,6/5/2025,sierra-gold,8432,5.2,8:47,1:57
77070,6/5/2025,sierra-gold,8433,5.0,8:47,1:48
77069,6/5/2025,sierra-gold,8472,5.3,8:48,1:56
77073,6/5/2025,sierra-gold,8475,3.8,8:17,1:14
77083,6/5/2025,sierra-gold,8480,3.3,8:02,1:05
76945,6/4/2025,sierra-gold,8431,5.0,8:03,1:42
76935,6/4/2025,sierra-gold,8432,3.3,7:32,1:20
76944,6/4/2025,sierra-gold,8433,3.1,8:06,1:15
76936,6/4/2025,sierra-gold,8472,4.4,8:01,1:36
76943,6/4/2025,sierra-gold,8475,3.2,8:11,1:00
76947,6/4/2025,sierra-gold,8480,2.9,8:14,0:53
76806,6/3/2025,sierra-gold,8431,5.8,8:26,2:06
76816,6/3/2025,sierra-gold,8432,5.6,8:29,1:53
76805,6/3/2025,sierra-gold,8433,5.5,8:42,1:54
76804,6/3/2025,sierra-gold,8472,5.7,8:51,1:55
76803,6/3/2025,sierra-gold,8475,6.0,8:49,2:09
76807,6/3/2025,sierra-gold,8480,5.3,8:21,1:56
76626,6/2/2025,sierra-gold,8431,6.0,7:59,2:08
76672,6/2/2025,sierra-gold,8432,0.0,6:25,0:00
76631,6/2/2025,sierra-gold,8433,4.2,8:30,1:34
76630,6/2/2025,sierra-gold,8472,4.7,8:37,1:41
76629,6/2/2025,sierra-gold,8475,6.0,8:11,2:03
76628,6/2/2025,sierra-gold,8480,6.6,8:16,2:11
76394,5/30/2025,sierra-gold,8431,4.2,8:00,1:15
76403,5/30/2025,sierra-gold,8432,0.1,7:08,0:04
76405,5/30/2025,sierra-gold,8433,7.7,8:36,2:37
76404,5/30/2025,sierra-gold,8472,6.8,8:36,2:20
76386,5/30/2025,sierra-gold,8475,5.9,8:41,1:45
76400,5/30/2025,sierra-gold,8480,5.2,8:12,1:32
76263,5/29/2025,sierra-gold,8431,5.1,7:58,1:31
76257,5/29/2025,sierra-gold,8475,5.5,8:17,1:36
76270,5/29/2025,sierra-gold,8480,5.0,8:17,1:28
76111,5/28/2025,sierra-gold,8431,5.4,8:13,1:38
76142,5/28/2025,sierra-gold,8432,2.9,10:56,1:06
76143,5/28/2025,sierra-gold,8433,4.2,7:58,1:34
76121,5/28/2025,sierra-gold,8472,3.4,8:06,1:18
76110,5/28/2025,sierra-gold,8475,5.1,7:49,1:30
76113,5/28/2025,sierra-gold,8480,5.7,8:28,1:44
75978,5/27/2025,sierra-gold,8431,3.5,7:59,1:04
75970,5/27/2025,sierra-gold,8432,4.1,8:51,1:27
75972,5/27/2025,sierra-gold,8433,4.3,8:43,1:29
75971,5/27/2025,sierra-gold,8472,3.6,8:45,1:20
75973,5/27/2025,sierra-gold,8475,4.2,8:25,1:19
75980,5/27/2025,sierra-gold,8480,4.4,8:07,1:22
75914,5/26/2025,sierra-gold,8431,4.2,8:36,2:06
75911,5/26/2025,sierra-gold,8432,4.0,8:26,1:24
75913,5/26/2025,sierra-gold,8433,3.8,8:24,1:20
75912,5/26/2025,sierra-gold,8472,3.4,8:39,1:15
75910,5/26/2025,sierra-gold,8475,4.4,8:36,2:11
75915,5/26/2025,sierra-gold,8480,4.6,8:42,1:49
75693,5/23/2025,sierra-gold,8431,5.0,8:34,1:59
75687,5/23/2025,sierra-gold,8432,4.8,8:34,1:41
75691,5/23/2025,sierra-gold,8433,4.9,8:33,1:43
75688,5/23/2025,sierra-gold,8472,4.9,8:39,1:45
75695,5/23/2025,sierra-gold,8475,4.6,8:25,1:50
75715,5/23/2025,sierra-gold,8480,4.9,8:28,1:51
75556,5/22/2025,sierra-gold,8431,4.9,8:28,1:47
75565,5/22/2025,sierra-gold,8432,8.2,8:32,2:34
75568,5/22/2025,sierra-gold,8433,7.8,8:32,2:26
75566,5/22/2025,sierra-gold,8472,8.1,8:32,2:35
75537,5/22/2025,sierra-gold,8475,5.0,8:22,1:46
75563,5/22/2025,sierra-gold,8480,5.0,8:23,1:41
75386,5/21/2025,sierra-gold,8431,6.9,8:22,2:29
75382,5/21/2025,sierra-gold,8432,4.1,8:43,1:33
75383,5/21/2025,sierra-gold,8433,4.7,8:45,1:45
75388,5/21/2025,sierra-gold,8472,5.5,8:33,2:06
75384,5/21/2025,sierra-gold,8475,6.6,8:14,2:21
75387,5/21/2025,sierra-gold,8480,6.3,8:06,2:10
75234,5/20/2025,sierra-gold,8431,4.8,7:42,1:37
75224,5/20/2025,sierra-gold,8432,0.8,8:16,0:18
75228,5/20/2025,sierra-gold,8433,0.7,8:17,0:16
75226,5/20/2025,sierra-gold,8472,0.9,8:17,0:21
75217,5/20/2025,sierra-gold,8475,4.7,7:38,1:40
75244,5/20/2025,sierra-gold,8480,5.6,7:43,1:47
75083,5/19/2025,sierra-gold,8431,6.4,8:02,1:56
75079,5/19/2025,sierra-gold,8432,5.2,8:16,1:42
75081,5/19/2025,sierra-gold,8433,5.1,8:13,1:37
75080,5/19/2025,sierra-gold,8472,4.9,8:18,1:38
75074,5/19/2025,sierra-gold,8475,6.8,8:09,2:10
75085,5/19/2025,sierra-gold,8480,7.0,8:10,2:05
74876,5/16/2025,sierra-gold,8431,7.5,8:13,2:12
74887,5/16/2025,sierra-gold,8432,8.2,8:27,2:44
74889,5/16/2025,sierra-gold,8433,7.5,8:26,2:31
74888,5/16/2025,sierra-gold,8472,7.8,8:37,2:37
74861,5/16/2025,sierra-gold,8475,6.8,8:16,2:01
74885,5/16/2025,sierra-gold,8480,6.7,8:00,1:57
74757,5/15/2025,sierra-gold,8431,6.8,8:25,2:06
74768,5/15/2025,sierra-gold,8432,5.4,8:16,1:57
74770,5/15/2025,sierra-gold,8433,6.0,8:17,2:11
74769,5/15/2025,sierra-gold,8472,5.4,8:19,1:56
74750,5/15/2025,sierra-gold,8475,6.9,8:14,2:05
74763,5/15/2025,sierra-gold,8480,7.3,8:30,2:12
74625,5/14/2025,sierra-gold,8431,5.5,8:04,1:42
74615,5/14/2025,sierra-gold,8432,5.1,8:37,1:38
74617,5/14/2025,sierra-gold,8433,5.6,8:35,1:44
74616,5/14/2025,sierra-gold,8472,5.6,8:38,1:43
74629,5/14/2025,sierra-gold,8475,5.4,8:29,1:39
74628,5/14/2025,sierra-gold,8480,5.7,8:16,1:40
74498,5/13/2025,sierra-gold,8431,3.3,5:19,0:57
74509,5/13/2025,sierra-gold,8432,4.8,7:42,1:32
74511,5/13/2025,sierra-gold,8433,4.4,7:43,1:27
74510,5/13/2025,sierra-gold,8472,5.2,7:40,1:46
74484,5/13/2025,sierra-gold,8475,7.0,8:39,2:05
74506,5/13/2025,sierra-gold,8480,7.1,8:08,2:06
74341,5/12/2025,sierra-gold,8431,4.2,6:00,1:35
74333,5/12/2025,sierra-gold,8432,4.6,8:46,1:50
74335,5/12/2025,sierra-gold,8433,4.3,8:54,2:01
74334,5/12/2025,sierra-gold,8472,4.7,8:21,1:52
74336,5/12/2025,sierra-gold,8475,5.6,8:10,2:26
74345,5/12/2025,sierra-gold,8480,7.3,8:29,2:20
74223,5/9/2025,sierra-gold,8431,2.0,3:34,0:37
74159,5/9/2025,sierra-gold,8432,4.6,8:20,1:38
74161,5/9/2025,sierra-gold,8433,3.7,8:21,1:24
74160,5/9/2025,sierra-gold,8472,4.1,8:29,1:27
74222,5/9/2025,sierra-gold,8475,4.4,6:09,1:17
74224,5/9/2025,sierra-gold,8480,3.8,5:41,1:08
74043,5/8/2025,sierra-gold,8431,5.1,8:19,1:36
74029,5/8/2025,sierra-gold,8432,4.8,8:26,1:43
74031,5/8/2025,sierra-gold,8433,4.8,8:23,1:51
74030,5/8/2025,sierra-gold,8472,4.5,8:18,1:35
74034,5/8/2025,sierra-gold,8475,5.3,8:18,1:44
74048,5/8/2025,sierra-gold,8480,5.9,8:38,1:47
73890,5/7/2025,sierra-gold,8431,5.9,7:55,1:49
73887,5/7/2025,sierra-gold,8432,3.1,8:16,1:04
73889,5/7/2025,sierra-gold,8433,3.0,8:27,1:07
73888,5/7/2025,sierra-gold,8472,5.0,8:30,1:59
73885,5/7/2025,sierra-gold,8475,6.0,8:17,1:52
73892,5/7/2025,sierra-gold,8480,5.9,8:05,1:49
73753,5/6/2025,sierra-gold,8431,5.2,7:48,1:34
73814,5/6/2025,sierra-gold,8472,1.0,1:09,0:20
73752,5/6/2025,sierra-gold,8475,5.3,7:58,1:33
73755,5/6/2025,sierra-gold,8480,5.4,8:11,1:36
73663,5/5/2025,sierra-gold,8431,6.0,5:31,1:59
73635,5/5/2025,sierra-gold,8432,0.0,8:16,0:00
73636,5/5/2025,sierra-gold,8472,0.0,8:17,0:00
73662,5/5/2025,sierra-gold,8475,5.7,5:27,1:40
73664,5/5/2025,sierra-gold,8480,6.0,5:37,1:46
73509,5/2/2025,sierra-gold,8431,3.5,7:13,1:06
73501,5/2/2025,sierra-gold,8432,4.7,8:31,1:41
73503,5/2/2025,sierra-gold,8433,3.6,8:32,1:54
73502,5/2/2025,sierra-gold,8472,5.2,8:43,1:57
73505,5/2/2025,sierra-gold,8475,4.1,8:28,1:16
73511,5/2/2025,sierra-gold,8480,3.4,8:19,1:04
73403,5/1/2025,sierra-gold,8431,5.9,8:09,1:45
73431,5/1/2025,sierra-gold,8432,2.1,4:39,0:48
73433,5/1/2025,sierra-gold,8433,2.3,4:51,0:48
73432,5/1/2025,sierra-gold,8472,2.0,4:31,0:42
73401,5/1/2025,sierra-gold,8475,6.2,8:35,1:48
73405,5/1/2025,sierra-gold,8480,6.3,8:39,1:56
73313,4/30/2025,sierra-gold,8431,7.6,8:32,2:29
73305,4/30/2025,sierra-gold,8432,6.1,8:29,1:55
73309,4/30/2025,sierra-gold,8433,3.1,6:29,1:06
73306,4/30/2025,sierra-gold,8472,5.2,8:26,1:37
73311,4/30/2025,sierra-gold,8475,6.8,8:02,2:15
73314,4/30/2025,sierra-gold,8480,6.9,8:05,2:00
73218,4/29/2025,sierra-gold,8431,8.8,8:31,2:36
73212,4/29/2025,sierra-gold,8432,8.5,8:57,2:42
73214,4/29/2025,sierra-gold,8433,4.8,8:39,1:39
73213,4/29/2025,sierra-gold,8472,3.6,8:37,1:08
73217,4/29/2025,sierra-gold,8475,7.8,8:03,2:18
73220,4/29/2025,sierra-gold,8480,8.4,8:10,2:23
73120,4/28/2025,sierra-gold,8431,6.8,8:12,2:24
73117,4/28/2025,sierra-gold,8432,6.9,8:16,2:22
73119,4/28/2025,sierra-gold,8433,4.7,8:15,1:43
73118,4/28/2025,sierra-gold,8472,4.2,8:14,1:28
73116,4/28/2025,sierra-gold,8475,7.1,8:18,2:28
73121,4/28/2025,sierra-gold,8480,7.8,8:17,2:24
72967,4/25/2025,sierra-gold,8432,3.9,5:34,1:31
72928,4/25/2025,sierra-gold,8433,1.6,8:02,0:38
72927,4/25/2025,sierra-gold,8472,5.5,8:33,2:06
72929,4/25/2025,sierra-gold,8480,6.4,8:34,2:18
72837,4/24/2025,sierra-gold,8431,6.0,8:29,2:01
72832,4/24/2025,sierra-gold,8432,5.0,8:11,1:41
72834,4/24/2025,sierra-gold,8433,1.8,8:11,0:46
72833,4/24/2025,sierra-gold,8472,2.5,8:21,1:02
72836,4/24/2025,sierra-gold,8475,5.6,8:31,2:06
72835,4/24/2025,sierra-gold,8480,2.3,8:22,0:57
72717,4/23/2025,sierra-gold,8431,6.4,7:36,2:08
72714,4/23/2025,sierra-gold,8432,6.5,7:47,2:20
72716,4/23/2025,sierra-gold,8433,2.9,7:33,1:15
72715,4/23/2025,sierra-gold,8472,7.1,7:53,2:27
72713,4/23/2025,sierra-gold,8475,3.5,7:30,1:33
72718,4/23/2025,sierra-gold,8480,3.8,7:36,1:43
72607,4/22/2025,sierra-gold,8431,2.5,8:14,1:01
72604,4/22/2025,sierra-gold,8432,6.0,8:23,2:23
72605,4/22/2025,sierra-gold,8433,0.0,7:46,0:00
72606,4/22/2025,sierra-gold,8472,5.2,8:13,2:13
72603,4/22/2025,sierra-gold,8475,3.4,7:44,1:31
72638,4/22/2025,sierra-gold,8480,0.0,4:18,0:00
72446,4/21/2025,sierra-gold,8431,7.6,8:11,2:36
72442,4/21/2025,sierra-gold,8432,0.1,8:32,0:04
72443,4/21/2025,sierra-gold,8433,0.0,8:33,0:00
72445,4/21/2025,sierra-gold,8472,6.8,7:58,2:24
72444,4/21/2025,sierra-gold,8475,7.7,8:18,2:31
72235,4/18/2025,sierra-gold,8431,5.2,8:18,1:55
72229,4/18/2025,sierra-gold,8432,0.3,8:39,0:08
72230,4/18/2025,sierra-gold,8433,0.0,8:40,0:00
72234,4/18/2025,sierra-gold,8472,5.0,8:04,1:45
72232,4/18/2025,sierra-gold,8475,5.2,8:06,1:49
72116,4/17/2025,sierra-gold,8431,7.5,8:18,2:15
72111,4/17/2025,sierra-gold,8432,0.3,8:44,0:08
72112,4/17/2025,sierra-gold,8433,2.4,9:45,0:52
72115,4/17/2025,sierra-gold,8472,6.0,8:05,1:49
72114,4/17/2025,sierra-gold,8475,8.0,8:05,2:23
72150,4/17/2025,sierra-gold,8480,2.0,5:02,0:50
71974,4/16/2025,sierra-gold,8431,5.2,7:43,2:27
72032,4/16/2025,sierra-gold,8433,1.3,2:31,0:30
71973,4/16/2025,sierra-gold,8472,5.1,7:52,2:22
71970,4/16/2025,sierra-gold,8475,4.8,7:39,2:13
71858,4/15/2025,sierra-gold,8431,6.0,8:16,2:48
71856,4/15/2025,sierra-gold,8432,1.6,4:14,0:51
71854,4/15/2025,sierra-gold,8433,2.6,8:30,0:57
71853,4/15/2025,sierra-gold,8472,4.6,8:06,2:07
71855,4/15/2025,sierra-gold,8475,6.0,8:05,2:47
71748,4/14/2025,sierra-gold,8431,6.8,8:30,2:25
71751,4/14/2025,sierra-gold,8432,7.2,8:00,2:29
71747,4/14/2025,sierra-gold,8433,6.0,8:30,2:06
71752,4/14/2025,sierra-gold,8472,5.5,8:17,2:07
71750,4/14/2025,sierra-gold,8475,6.9,8:05,2:25
71699,4/13/2025,sierra-gold,8472,0.0,0:01,0:00
71611,4/11/2025,sierra-gold,8431,7.4,7:49,2:43
71608,4/11/2025,sierra-gold,8432,8.1,9:11,2:42
71605,4/11/2025,sierra-gold,8433,7.6,8:10,2:38
71610,4/11/2025,sierra-gold,8472,7.3,8:16,2:26
71603,4/11/2025,sierra-gold,8475,7.4,8:25,2:26
71516,4/10/2025,sierra-gold,8431,3.3,8:31,1:11
71523,4/10/2025,sierra-gold,8432,6.0,8:35,2:16
71515,4/10/2025,sierra-gold,8433,5.8,9:00,2:02
71514,4/10/2025,sierra-gold,8472,4.5,8:40,1:44
71522,4/10/2025,sierra-gold,8475,5.7,8:19,2:10
71517,4/10/2025,sierra-gold,8480,0.6,8:58,0:19
71425,4/9/2025,sierra-gold,8431,3.3,8:08,1:29
71419,4/9/2025,sierra-gold,8432,2.1,8:43,1:07
71414,4/9/2025,sierra-gold,8433,6.8,8:25,2:32
71422,4/9/2025,sierra-gold,8472,2.1,8:27,1:08
71413,4/9/2025,sierra-gold,8475,6.1,8:38,2:08
71417,4/9/2025,sierra-gold,8480,3.4,8:23,1:28
71316,4/8/2025,sierra-gold,8431,2.6,8:26,1:20
71314,4/8/2025,sierra-gold,8432,2.2,8:09,1:06
71353,4/8/2025,sierra-gold,8433,2.9,3:59,1:05
71315,4/8/2025,sierra-gold,8472,2.4,8:29,1:13
71352,4/8/2025,sierra-gold,8475,2.9,4:05,0:57
71354,4/8/2025,sierra-gold,8480,3.2,4:02,1:08
71206,4/7/2025,sierra-gold,8431,2.3,8:16,1:05
71205,4/7/2025,sierra-gold,8433,2.7,8:23,1:19
71204,4/7/2025,sierra-gold,8472,2.4,8:26,1:06
71058,4/4/2025,sierra-gold,8431,3.5,8:15,1:12
71055,4/4/2025,sierra-gold,8432,5.4,7:09,1:57
71057,4/4/2025,sierra-gold,8433,2.8,8:20,1:00
71056,4/4/2025,sierra-gold,8472,2.5,8:18,0:54
71054,4/4/2025,sierra-gold,8475,6.1,7:44,2:10
71071,4/4/2025,sierra-gold,8480,5.5,8:02,2:08
70959,4/3/2025,sierra-gold,8431,4.2,8:14,1:31
70949,4/3/2025,sierra-gold,8432,3.8,8:34,1:21
70848,4/3/2025,sierra-gold,8433,0.3,4:46,0:06
70952,4/3/2025,sierra-gold,8472,3.7,8:34,1:21
70976,4/3/2025,sierra-gold,8475,0.3,2:03,0:08
70977,4/3/2025,sierra-gold,8480,0.3,3:12,0:07
70751,4/2/2025,sierra-gold,8431,5.0,8:08,1:49
70701,4/2/2025,sierra-gold,8432,3.1,3:54,1:05
70711,4/2/2025,sierra-gold,8432,6.6,8:28,2:15
70721,4/2/2025,sierra-gold,8432,3.1,3:54,1:05
70731,4/2/2025,sierra-gold,8432,3.1,3:54,1:05
70745,4/2/2025,sierra-gold,8433,0.3,6:47,0:08
70736,4/2/2025,sierra-gold,8472,4.8,8:01,1:46
70891,4/1/2025,sierra-gold,8431,5.9,8:33,2:13
70887,4/1/2025,sierra-gold,8432,5.1,8:28,1:53
70889,4/1/2025,sierra-gold,8433,1.8,3:57,0:46
70888,4/1/2025,sierra-gold,8472,5.2,8:14,1:55
70876,4/1/2025,sierra-gold,8475,2.8,8:37,1:05
70882,4/1/2025,sierra-gold,8480,4.4,8:36,1:47
70636,3/31/2025,sierra-gold,8431,2.1,4:56,0:49
70634,3/31/2025,sierra-gold,8432,7.1,8:25,2:34
70639,3/31/2025,sierra-gold,8433,1.8,2:34,0:44
70635,3/31/2025,sierra-gold,8472,7.0,8:25,2:38
70627,3/31/2025,sierra-gold,8475,7.2,8:53,2:47
70632,3/31/2025,sierra-gold,8480,7.7,8:40,2:59
70495,3/28/2025,sierra-gold,8431,4.7,8:30,1:40
70491,3/28/2025,sierra-gold,8432,6.5,8:22,2:13
70501,3/28/2025,sierra-gold,8433,2.9,8:06,1:08
70492,3/28/2025,sierra-gold,8472,5.6,8:06,2:04
70489,3/28/2025,sierra-gold,8475,2.7,7:53,1:04
70498,3/28/2025,sierra-gold,8480,3.5,7:59,1:20
70409,3/27/2025,sierra-gold,8431,5.6,8:18,1:59
70405,3/27/2025,sierra-gold,8432,5.3,8:17,1:52
70407,3/27/2025,sierra-gold,8433,4.7,8:16,1:50
70406,3/27/2025,sierra-gold,8472,5.7,8:18,2:01
70403,3/27/2025,sierra-gold,8475,4.6,8:05,1:44
70411,3/27/2025,sierra-gold,8480,4.4,8:01,1:43
70328,3/26/2025,sierra-gold,8431,6.0,8:33,1:58
70325,3/26/2025,sierra-gold,8432,5.8,8:29,1:46
70327,3/26/2025,sierra-gold,8433,1.0,7:54,0:26
70326,3/26/2025,sierra-gold,8472,5.5,1:59,1:48
70324,3/26/2025,sierra-gold,8475,1.7,7:56,0:19
70329,3/26/2025,sierra-gold,8480,1.6,7:50,0:24
70256,3/25/2025,sierra-gold,8431,4.7,8:20,1:32
70260,3/25/2025,sierra-gold,8432,3.7,4:46,1:02
70246,3/25/2025,sierra-gold,8433,0.0,7:50,0:00
70254,3/25/2025,sierra-gold,8472,4.4,8:28,1:29
70245,3/25/2025,sierra-gold,8475,0.1,7:50,0:06
70248,3/25/2025,sierra-gold,8480,0.2,7:51,0:07
70171,3/24/2025,sierra-gold,8431,5.6,8:55,1:48
70169,3/24/2025,sierra-gold,8432,5.5,8:27,1:41
70150,3/24/2025,sierra-gold,8433,2.3,8:00,0:50
70170,3/24/2025,sierra-gold,8472,4.8,8:19,1:35
70147,3/24/2025,sierra-gold,8475,1.9,8:01,0:43
70151,3/24/2025,sierra-gold,8480,1.6,8:04,0:37
70036,3/21/2025,sierra-gold,8431,5.4,8:17,1:48
70033,3/21/2025,sierra-gold,8432,5.4,8:20,1:39
70023,3/21/2025,sierra-gold,8433,5.9,8:05,2:05
70034,3/21/2025,sierra-gold,8472,5.7,8:14,1:52
70020,3/21/2025,sierra-gold,8475,5.8,8:07,1:57
70025,3/21/2025,sierra-gold,8480,5.8,8:01,2:03
69953,3/20/2025,sierra-gold,8431,5.8,8:38,1:56
69951,3/20/2025,sierra-gold,8432,5.4,8:17,1:42
69932,3/20/2025,sierra-gold,8433,8.7,8:39,3:01
69952,3/20/2025,sierra-gold,8472,5.1,8:12,1:47
69931,3/20/2025,sierra-gold,8475,8.4,8:44,2:47
69933,3/20/2025,sierra-gold,8480,8.5,8:44,2:56
69856,3/19/2025,sierra-gold,8431,2.6,6:21,0:51
69842,3/19/2025,sierra-gold,8432,2.6,7:54,0:46
69845,3/19/2025,sierra-gold,8433,2.7,8:51,1:05
69843,3/19/2025,sierra-gold,8472,2.4,7:52,0:47
69841,3/19/2025,sierra-gold,8475,4.5,8:03,1:22
69847,3/19/2025,sierra-gold,8480,5.8,8:22,1:45
69752,3/18/2025,sierra-gold,8431,4.3,7:13,1:31
69750,3/18/2025,sierra-gold,8432,5.3,11:49,1:44
69747,3/18/2025,sierra-gold,8433,2.5,9:06,0:55
69751,3/18/2025,sierra-gold,8472,5.3,8:40,1:52
69745,3/18/2025,sierra-gold,8475,4.1,8:22,1:30
69749,3/18/2025,sierra-gold,8480,4.7,12:02,1:43
69661,3/17/2025,sierra-gold,8431,5.8,8:03,2:00
69658,3/17/2025,sierra-gold,8432,5.9,8:16,1:54
69650,3/17/2025,sierra-gold,8433,5.2,8:17,1:57
69659,3/17/2025,sierra-gold,8472,5.9,8:36,1:58
69649,3/17/2025,sierra-gold,8475,5.5,8:15,2:01
69653,3/17/2025,sierra-gold,8480,5.6,8:22,1:59
69509,3/14/2025,sierra-gold,8431,3.6,7:12,1:20
69504,3/14/2025,sierra-gold,8432,5.3,8:18,1:40
69510,3/14/2025,sierra-gold,8433,5.3,7:52,1:51
69500,3/14/2025,sierra-gold,8472,5.3,8:26,1:50
69499,3/14/2025,sierra-gold,8475,3.2,6:14,1:00
69502,3/14/2025,sierra-gold,8480,5.9,8:29,1:49
69432,3/13/2025,sierra-gold,8431,4.6,8:02,1:29
69429,3/13/2025,sierra-gold,8432,5.6,8:31,1:39
69436,3/13/2025,sierra-gold,8433,1.8,6:25,0:41
69427,3/13/2025,sierra-gold,8475,5.2,8:31,1:33
69339,3/12/2025,sierra-gold,8431,4.9,7:58,1:33
69341,3/12/2025,sierra-gold,8432,5.7,8:04,1:39
69371,3/12/2025,sierra-gold,8433,0.2,0:24,0:05
69336,3/12/2025,sierra-gold,8475,5.6,8:01,1:45
69244,3/11/2025,sierra-gold,8431,4.7,8:15,1:27
69239,3/11/2025,sierra-gold,8432,4.0,8:17,1:09
69243,3/11/2025,sierra-gold,8433,2.1,8:04,0:54
69242,3/11/2025,sierra-gold,8472,4.3,8:20,1:32
69249,3/11/2025,sierra-gold,8475,5.7,8:13,1:40
69245,3/11/2025,sierra-gold,8480,5.2,8:09,1:43
69173,3/10/2025,sierra-gold,8431,6.3,8:22,2:00
69170,3/10/2025,sierra-gold,8432,5.6,8:07,1:37
69172,3/10/2025,sierra-gold,8433,0.3,8:20,0:08
69186,3/10/2025,sierra-gold,8472,0.2,0:49,0:06
69169,3/10/2025,sierra-gold,8475,1.9,9:07,0:34
69174,3/10/2025,sierra-gold,8480,0.0,7:48,0:00
69045,3/7/2025,sierra-gold,8431,4.4,5:55,1:25
69043,3/7/2025,sierra-gold,8432,6.1,8:19,1:55
69065,3/7/2025,sierra-gold,8433,2.3,3:38,0:47
69038,3/7/2025,sierra-gold,8472,8.1,8:27,2:39
69042,3/7/2025,sierra-gold,8475,6.9,8:29,2:13
69041,3/7/2025,sierra-gold,8480,9.9,8:33,3:04
68952,3/6/2025,sierra-gold,8431,5.2,8:37,1:50
68951,3/6/2025,sierra-gold,8432,4.5,8:18,1:30
68963,3/6/2025,sierra-gold,8433,1.4,8:48,0:31
68959,3/6/2025,sierra-gold,8472,5.3,7:36,1:49
68957,3/6/2025,sierra-gold,8475,4.7,8:03,1:37
68953,3/6/2025,sierra-gold,8480,5.8,7:45,1:50
68873,3/5/2025,sierra-gold,8431,5.4,7:49,1:56
68870,3/5/2025,sierra-gold,8432,5.5,7:38,1:56
68872,3/5/2025,sierra-gold,8433,3.7,8:50,1:19
68876,3/5/2025,sierra-gold,8472,3.7,7:41,1:21
68875,3/5/2025,sierra-gold,8475,3.0,7:42,1:06
68877,3/5/2025,sierra-gold,8480,3.0,7:19,1:01
68787,3/4/2025,sierra-gold,8431,4.2,6:53,1:28
68803,3/4/2025,sierra-gold,8432,3.4,6:03,1:12
68794,3/4/2025,sierra-gold,8433,3.1,6:46,1:08
68793,3/4/2025,sierra-gold,8472,0.5,2:35,0:13
68792,3/4/2025,sierra-gold,8475,3.9,8:48,1:23
68796,3/4/2025,sierra-gold,8480,0.2,1:17,0:05
68700,3/3/2025,sierra-gold,8431,6.2,9:36,2:06
68697,3/3/2025,sierra-gold,8432,6.6,9:35,2:10
68698,3/3/2025,sierra-gold,8433,2.7,8:48,0:58
68736,3/3/2025,sierra-gold,8472,0.0,2:31,0:01
68735,3/3/2025,sierra-gold,8475,0.0,2:33,0:02
68724,3/3/2025,sierra-gold,8480,0.1,5:11,0:05
68553,2/28/2025,sierra-gold,8431,5.2,8:21,1:41
68549,2/28/2025,sierra-gold,8432,4.5,8:11,1:23
68550,2/28/2025,sierra-gold,8433,4.0,8:14,1:21
68467,2/27/2025,sierra-gold,8431,6.0,8:35,1:54
68465,2/27/2025,sierra-gold,8432,6.8,8:34,2:01
68466,2/27/2025,sierra-gold,8433,6.9,8:38,2:10
68376,2/26/2025,sierra-gold,8431,6.9,8:24,2:14
68372,2/26/2025,sierra-gold,8432,5.4,8:33,1:40
68374,2/26/2025,sierra-gold,8433,5.1,8:25,1:39
68280,2/25/2025,sierra-gold,8431,10.3,8:32,3:09
68278,2/25/2025,sierra-gold,8432,9.9,8:24,2:58
68279,2/25/2025,sierra-gold,8433,2.7,8:13,1:00
68201,2/24/2025,sierra-gold,8431,9.7,8:24,2:52
68236,2/24/2025,sierra-gold,8432,2.3,1:58,0:38
68200,2/24/2025,sierra-gold,8433,10.2,8:25,3:02
68068,2/21/2025,sierra-gold,8431,8.1,8:30,2:28
68066,2/21/2025,sierra-gold,8432,3.7,7:02,1:09
68067,2/21/2025,sierra-gold,8433,6.4,9:19,1:57
68000,2/20/2025,sierra-gold,8431,6.1,8:20,1:55
67996,2/20/2025,sierra-gold,8432,5.9,8:15,1:47
67998,2/20/2025,sierra-gold,8433,5.8,8:34,1:47
67949,2/19/2025,sierra-gold,8431,8.2,8:12,2:29
67944,2/19/2025,sierra-gold,8432,7.6,8:38,2:13
67947,2/19/2025,sierra-gold,8433,1.9,8:31,0:48
67916,2/19/2025,sierra-gold,8472,0.0,12:03,0:00
67886,2/18/2025,sierra-gold,8431,5.1,8:07,1:45
67884,2/18/2025,sierra-gold,8432,5.3,8:02,1:48
67885,2/18/2025,sierra-gold,8433,4.0,8:15,1:19
67906,2/18/2025,sierra-gold,8472,0.0,10:26,0:01
67897,2/18/2025,sierra-gold,8475,0.0,3:52,0:01
67811,2/17/2025,sierra-gold,8431,4.3,7:47,1:26
67808,2/17/2025,sierra-gold,8432,5.0,8:13,1:37
67810,2/17/2025,sierra-gold,8433,5.1,8:08,1:39
67713,2/14/2025,sierra-gold,8431,4.4,8:17,1:32
67711,2/14/2025,sierra-gold,8432,4.7,8:07,1:34
67712,2/14/2025,sierra-gold,8433,4.0,8:18,1:23
67631,2/13/2025,sierra-gold,8431,7.3,8:06,2:23
67629,2/13/2025,sierra-gold,8432,7.2,8:01,2:22
67632,2/13/2025,sierra-gold,8433,1.3,8:19,0:28
67575,2/12/2025,sierra-gold,8431,0.3,5:13,0:10
67594,2/12/2025,sierra-gold,8433,0.1,0:48,0:03
67513,2/11/2025,sierra-gold,8431,1.0,5:25,0:23
67511,2/11/2025,sierra-gold,8432,1.6,5:24,0:33
67512,2/11/2025,sierra-gold,8433,1.0,5:24,0:25
67452,2/10/2025,sierra-gold,8431,1.1,7:26,0:29
67450,2/10/2025,sierra-gold,8432,1.6,7:27,0:35
67451,2/10/2025,sierra-gold,8433,1.9,7:36,0:43
67333,2/7/2025,sierra-gold,8431,5.0,8:20,1:44
67331,2/7/2025,sierra-gold,8432,4.5,8:18,1:29
67332,2/7/2025,sierra-gold,8433,5.1,7:54,1:38
67272,2/6/2025,sierra-gold,8431,5.2,6:06,1:44
67271,2/6/2025,sierra-gold,8432,4.5,5:59,1:22
67270,2/6/2025,sierra-gold,8433,2.7,5:52,0:52
67013,2/5/2025,sierra-gold,8431,0.8,0:42,0:16
67033,2/5/2025,sierra-gold,8431,6.5,8:05,2:09
67053,2/5/2025,sierra-gold,8431,0.8,0:42,0:16
67073,2/5/2025,sierra-gold,8431,0.8,0:42,0:16
67018,2/5/2025,sierra-gold,8432,0.1,0:41,0:03
67038,2/5/2025,sierra-gold,8432,6.1,8:25,1:52
67058,2/5/2025,sierra-gold,8432,0.1,0:41,0:03
67078,2/5/2025,sierra-gold,8432,0.1,0:41,0:03
67024,2/5/2025,sierra-gold,8433,0.3,0:41,0:09
67044,2/5/2025,sierra-gold,8433,5.5,8:07,1:45
67064,2/5/2025,sierra-gold,8433,0.3,0:41,0:09
67084,2/5/2025,sierra-gold,8433,0.3,0:41,0:09
67159,2/4/2025,sierra-gold,8431,8.0,8:21,2:39
67157,2/4/2025,sierra-gold,8432,6.0,8:07,1:52
67158,2/4/2025,sierra-gold,8433,3.3,8:12,1:11
66984,2/3/2025,sierra-gold,8431,6.3,8:31,1:59
66982,2/3/2025,sierra-gold,8432,6.3,8:39,1:58
66983,2/3/2025,sierra-gold,8433,3.9,8:42,1:23
66803,1/31/2025,sierra-gold,8431,5.8,8:34,2:01
66800,1/31/2025,sierra-gold,8432,5.7,8:23,1:44
66802,1/31/2025,sierra-gold,8433,4.9,10:21,1:40
66715,1/30/2025,sierra-gold,8431,4.4,8:30,1:31
66712,1/30/2025,sierra-gold,8432,4.3,8:29,1:29
66714,1/30/2025,sierra-gold,8433,5.3,7:40,1:51
66655,1/29/2025,sierra-gold,8431,0.5,8:08,0:15
66654,1/29/2025,sierra-gold,8432,0.5,8:03,0:15
66566,1/28/2025,sierra-gold,8431,4.6,8:25,1:37
66570,1/28/2025,sierra-gold,8432,4.4,8:14,1:36
66565,1/28/2025,sierra-gold,8433,2.8,8:25,1:07
66510,1/27/2025,sierra-gold,8431,5.7,8:43,2:03
66509,1/27/2025,sierra-gold,8432,4.7,8:13,1:42
66514,1/27/2025,sierra-gold,8433,4.7,7:02,1:49
66446,1/24/2025,sierra-gold,8433,2.0,4:09,0:49
66369,1/23/2025,sierra-gold,8431,5.0,8:22,1:52
66367,1/23/2025,sierra-gold,8432,5.0,8:31,1:53
66393,1/23/2025,sierra-gold,8433,1.1,2:34,0:28
66246,1/21/2025,sierra-gold,8431,0.0,8:51,0:00
66243,1/21/2025,sierra-gold,8432,2.2,8:27,0:59
66245,1/21/2025,sierra-gold,8433,1.6,8:52,0:35
66189,1/20/2025,sierra-gold,8431,0.7,8:50,0:17
66187,1/20/2025,sierra-gold,8432,1.2,8:38,0:26
66188,1/20/2025,sierra-gold,8433,0.7,8:52,0:15
66081,1/17/2025,sierra-gold,8431,5.2,8:33,1:53
66079,1/17/2025,sierra-gold,8432,4.8,8:32,1:43
66080,1/17/2025,sierra-gold,8433,4.2,9:21,1:30
66009,1/16/2025,sierra-gold,8431,3.1,8:41,1:06
66005,1/16/2025,sierra-gold,8432,3.1,8:40,1:06
66006,1/16/2025,sierra-gold,8433,3.0,8:34,1:04
65936,1/15/2025,sierra-gold,8431,8.4,8:41,2:53
65934,1/15/2025,sierra-gold,8432,7.8,8:37,2:41
65935,1/15/2025,sierra-gold,8433,6.6,8:59,2:40
65869,1/14/2025,sierra-gold,8431,2.8,6:45,1:05
65867,1/14/2025,sierra-gold,8432,3.6,6:44,1:25
65868,1/14/2025,sierra-gold,8433,2.0,6:45,0:47
65808,1/13/2025,sierra-gold,8431,2.7,7:49,1:01
65806,1/13/2025,sierra-gold,8432,2.5,7:38,0:58
65807,1/13/2025,sierra-gold,8433,2.3,7:45,0:52
65702,1/10/2025,sierra-gold,8431,3.5,7:23,1:21
65701,1/10/2025,sierra-gold,8432,3.9,7:03,1:29
65707,1/10/2025,sierra-gold,8433,3.7,6:36,1:24
65641,1/9/2025,sierra-gold,8431,4.4,8:07,1:45
65639,1/9/2025,sierra-gold,8432,4.2,8:06,1:34
65640,1/9/2025,sierra-gold,8433,5.1,8:09,1:56
65574,1/8/2025,sierra-gold,8431,3.8,8:35,1:36
65572,1/8/2025,sierra-gold,8432,4.1,8:35,1:30
65573,1/8/2025,sierra-gold,8433,1.6,8:33,0:39
65516,1/7/2025,sierra-gold,8431,3.6,8:24,1:30
65514,1/7/2025,sierra-gold,8432,3.8,8:12,1:19
65515,1/7/2025,sierra-gold,8433,3.6,8:25,1:22
65452,1/6/2025,sierra-gold,8431,1.4,5:09,0:38
65450,1/6/2025,sierra-gold,8432,2.4,5:22,0:55
65451,1/6/2025,sierra-gold,8433,1.7,5:09,0:41
65305,1/2/2025,sierra-gold,8431,2.7,6:11,1:09
65304,1/2/2025,sierra-gold,8432,3.2,6:29,1:09
65303,1/2/2025,sierra-gold,8433,1.7,7:37,0:41